id,rank_idx,title,rating,rating_count,quote,link,director,year,created_at,cast_members,genres,countries
1,1,肖申克的救赎,9.7,3265297,希望让人自由。,https://movie.douban.com/subject/1292052/,弗兰克·德拉邦特 Frank Darabont,1994,2026-03-12 18:07:37,"蒂姆·罗宾斯, 摩根·弗里曼, 鲍勃·冈顿, 威廉·赛德勒, 克兰西·布朗, 吉尔·贝罗斯, 马克·罗斯顿, 詹姆斯·惠特摩, 杰弗里·德曼, 拉里·布兰登伯格, 尼尔·吉恩托利, 布赖恩·利比, 大卫·普罗瓦尔, 约瑟夫·劳格诺, 祖德·塞克利拉, 保罗·麦克兰尼, 芮妮·布莱恩, 阿方索·弗里曼, 弗兰克·梅德拉诺, 马克·迈尔斯, 尼尔·萨默斯, 耐德·巴拉米, 布赖恩·戴拉特, 唐·麦克马纳斯","犯罪, 剧情",美国
2,2,霸王别姬,9.6,2408827,风华绝代。,https://movie.douban.com/subject/1291546/,陈凯歌 Kaige Chen,1993,2026-03-12 18:07:37,"张国荣, 张丰毅, 巩俐, 葛优, 英达, 蒋雯丽, 吴大维, 吕齐, 雷汉, 尹治, 马明威, 费振翔, 智一桐, 李春, 赵海龙, 李丹, 童弟, 沈慧芬, 黄斐, 徐杰","剧情, 爱情, 同性","中国大陆, 中国香港"
3,3,泰坦尼克号,9.5,2482728,失去的才是永恒的。,https://movie.douban.com/subject/1292722/,詹姆斯·卡梅隆 James Cameron,1997,2026-03-12 18:07:37,"莱昂纳多·迪卡普里奥, 凯特·温斯莱特, 比利·赞恩, 凯西·贝茨, 弗兰西丝·费舍, 格劳瑞亚·斯图尔特, 比尔·帕克斯顿, 伯纳德·希尔, 大卫·沃纳, 维克多·加博, 乔纳森·海德, 苏茜·爱米斯, 刘易斯·阿伯内西, 尼古拉斯·卡斯柯恩, 阿那托利·萨加洛维奇, 丹尼·努齐, 杰森·贝瑞, 伊万·斯图尔特, 艾恩·格拉法德, 乔纳森·菲利普斯, 马克·林赛·查普曼, 理查德·格拉翰, 保罗·布赖特威尔, 艾瑞克·布里登, 夏洛特·查顿, 博纳德·福克斯, 迈克尔·英塞恩, 法妮·布雷特, 马丁·贾维斯, 罗莎琳·艾尔斯, 罗切尔·罗斯, 乔纳森·伊万斯, 西蒙·克雷恩, 爱德华德·弗莱彻, 斯科特·安德森, 马丁·伊斯特, 克雷格·凯利, 格雷戈里·库克, 利亚姆·图伊, 詹姆斯·兰开斯特, 艾尔莎·瑞雯, 卢·帕尔特, 泰瑞·佛瑞斯塔, 凯文·德·拉·诺伊","剧情, 爱情, 灾难",美国
4,4,阿甘正传,9.5,2417190,一部美国近现代史。,https://movie.douban.com/subject/1292720/,罗伯特·泽米吉斯 Robert Zemeckis,1994,2026-03-12 18:07:37,"汤姆·汉克斯, 罗宾·怀特, 加里·辛尼斯, 麦凯尔泰·威廉逊, 莎莉·菲尔德, 海利·乔·奥斯蒙, 迈克尔·康纳·亨弗里斯, 哈罗德, 山姆·安德森, 伊俄涅, 彼得·道博森, 希芳·法隆, 伊丽莎白·汉克斯, 汉娜·豪尔, 克里斯托弗·琼斯, 罗布·兰德里, 杰森·麦克奎尔, 桑尼·施罗耶, 艾德·戴维斯, 丹尼尔, 大卫·布里斯宾, 德博拉·麦克蒂尔, 艾尔·哈林顿, 阿非莫·奥米拉, 约翰·沃德斯塔德, 迈克尔·伯吉斯, 埃里克·安德伍德, 拜伦·明斯, 斯蒂芬·布吉格沃特, 约翰·威廉·高尔特, 希拉里·沙普兰, 伊莎贝尔·罗斯, 理查德·达历山德罗, 迪克·史迪威, 迈克尔, 杰弗里·布莱克, 瓦妮莎·罗斯, 迪克·卡维特, 马拉·苏查雷特扎, 乔·阿拉斯奇, 本森·泰瑞","剧情, 爱情",美国
5,5,千与千寻,9.4,2521315,最好的宫崎骏，最好的久石让。,https://movie.douban.com/subject/1291561/,宫崎骏 Hayao Miyazaki,2001,2026-03-12 18:07:37,"柊瑠美, 入野自由, 夏木真理, 菅原文太, 中村彰男, 玉井夕海, 神木隆之介, 内藤刚志, 泽口靖子, 我修院达也, 大泉洋, 小林郁夫, 上条恒彦, 小野武彦","剧情, 动画, 奇幻",日本
6,6,美丽人生,9.5,1473948,最美的谎言。,https://movie.douban.com/subject/1292063/,罗伯托·贝尼尼 Roberto Benigni,1997,2026-03-12 18:07:37,"罗伯托·贝尼尼, 尼可莱塔·布拉斯基, 乔治·坎塔里尼, 朱斯蒂诺·杜拉诺, 赛尔乔·比尼·布斯特里克, 玛丽萨·帕雷德斯, 霍斯特·布赫霍尔茨, 利迪娅·阿方西, 朱利亚娜·洛约迪切, 亚美利哥·丰塔尼, 彼得·德·席尔瓦, 弗朗西斯·古佐, 拉法埃拉·莱博罗尼, 克劳迪奥·阿方西, 吉尔·巴罗尼, 马西莫·比安奇, 恩尼奥·孔萨尔维, 吉安卡尔洛·科森蒂诺, 阿伦·克雷格, 汉尼斯·赫尔曼, 弗兰科·梅斯科利尼, 安东尼奥·普雷斯特, 吉娜·诺维勒, 理查德·塞梅尔, 安德烈提多娜, 迪尔克·范登贝格, 奥梅罗·安东努蒂","剧情, 喜剧, 爱情, 战争",意大利
7,7,星际穿越,9.4,2163946,爱是一种力量，让我们超越时空感知它的存在。,https://movie.douban.com/subject/1889243/,克里斯托弗·诺兰 Christopher Nolan,2014,2026-03-12 18:07:37,"马修·麦康纳, 安妮·海瑟薇, 杰西卡·查斯坦, 麦肯吉·弗依, 卡西·阿弗莱克, 迈克尔·凯恩, 马特·达蒙, 提莫西·查拉梅, 艾伦·伯斯汀, 约翰·利思戈, 韦斯·本特利, 大卫·吉亚西, 比尔·欧文, 托弗·格雷斯, 科莱特·沃夫, 弗朗西斯, 安德鲁·博尔巴, 乔什·斯图沃特, 莱雅·卡里恩斯, 利亚姆·迪金森, 杰夫·赫普内尔, 伊莱耶斯·加贝尔, 布鲁克·史密斯, 大卫·奥伊罗, 威廉·德瓦内, 拉什·费加, 格里芬·弗雷泽, 弗洛拉·诺兰","剧情, 科幻, 冒险","美国, 英国, 加拿大"
8,8,这个杀手不太冷,9.4,2540063,怪蜀黍和小萝莉不得不说的故事。,https://movie.douban.com/subject/1295644/,吕克·贝松 Luc Besson,1994,2026-03-12 18:07:37,"让·雷诺, 娜塔莉·波特曼, 加里·奥德曼, 丹尼·爱罗, 彼得·阿佩尔, 迈克尔·巴达鲁科, 艾伦·格里尼, 伊丽莎白·瑞根, 卡尔·马图斯维奇, 弗兰克·赛格, 麦温, 乔治·马丁, 罗伯特·拉萨多, 亚当·布斯奇, 马里奥·托迪斯科, 萨米·纳塞利","剧情, 动作, 犯罪","法国, 美国"
9,9,盗梦空间,9.4,2312031,诺兰给了我们一场无法盗取的梦。,https://movie.douban.com/subject/3541415/,克里斯托弗·诺兰 Christopher Nolan,2010,2026-03-12 18:07:37,"莱昂纳多·迪卡普里奥, 约瑟夫·高登, 艾利奥特·佩吉, 汤姆·哈迪, 渡边谦, 迪利普·劳, 基里安·墨菲, 汤姆·贝伦杰, 玛丽昂·歌迪亚, 皮特·波斯尔思韦特, 迈克尔·凯恩, 卢卡斯·哈斯, 李太力, 克莱尔·吉尔蕾, 马格努斯·诺兰, 泰勒·吉蕾, 乔纳森·吉尔, 水源士郎, 冈本玉二, 厄尔·卡梅伦, 瑞恩·海沃德, 米兰达·诺兰, 拉什·费加, 蒂姆·科勒赫, 妲露拉·莱莉","剧情, 科幻, 悬疑, 冒险","美国, 英国"
10,10,楚门的世界,9.4,2003669,如果再也不能见到你，祝你早安，午安，晚安。,https://movie.douban.com/subject/1292064/,彼得·威尔 Peter Weir,1998,2026-03-12 18:07:37,"金·凯瑞, 劳拉·琳妮, 艾德·哈里斯, 诺亚·艾默里奇, 娜塔莎·麦克艾霍恩","剧情, 科幻",美国
11,11,辛德勒的名单,9.5,1240790,拯救一个人，就是拯救整个世界。,https://movie.douban.com/subject/1295124/,史蒂文·斯皮尔伯格 Steven Spielberg,1993,2026-03-12 18:07:37,"连姆·尼森, 本·金斯利, 拉尔夫·费因斯, 卡罗琳·古多尔, 乔纳森·萨加尔, 艾伯丝·戴维兹, 马尔戈萨·格贝尔, 马克·伊瓦涅, 碧翠斯·马科拉, 安德烈·瑟韦林, 弗里德里希·冯·图恩, 克齐斯茨托夫·拉夫特, 诺伯特·魏塞尔, 维斯瓦夫·科马萨","剧情, 历史, 战争",美国
12,12,忠犬八公的故事,9.4,1535574,永远都不能忘记你所爱的人。,https://movie.douban.com/subject/3011091/,莱塞·霍尔斯道姆 Lasse Hallström,2009,2026-03-12 18:07:37,"理查·基尔, 莎拉·罗默尔, 琼·艾伦, 罗比·萨布莱特, 艾瑞克·阿瓦利, 田川洋行, 杰森·亚历山大, 罗伯特·卡普荣",剧情,"美国, 英国"
13,13,海上钢琴师,9.3,1869503,每个人都要走一条自己坚定了的路，就算是粉身碎骨。,https://movie.douban.com/subject/1292001/,朱塞佩·托纳多雷 Giuseppe Tornatore,1998,2026-03-12 18:07:37,"蒂姆·罗斯, 普路特·泰勒·文斯, 比尔·努恩, 克兰伦斯·威廉姆斯三世, 梅兰尼·蒂埃里, 皮特·沃恩, 尼尔·奥布赖恩, 阿尔贝托·巴斯克斯, 加布里埃莱·拉维亚, 科里·巴克, 西德尼·科尔, 路易吉·德·卢卡, 尼古拉·迪平托, 费米·依鲁福祖, 伊斯顿·盖奇, 凯文·麦克纳利, 布莱恩·普林格, 沙拉·鲁宾, 希思科特·威廉姆斯, 阿妮妲·扎格利亚, 安吉洛·迪洛雷塔","剧情, 音乐",意大利
14,14,疯狂动物城,9.3,2301875,迪士尼给我们营造的乌托邦就是这样，永远善良勇敢，永远出乎意料。,https://movie.douban.com/subject/25662329/,拜伦·霍华德 Byron Howard / 瑞奇·摩尔 Rich Moore,2016,2026-03-12 18:07:37,"金妮弗·古德温, 杰森·贝特曼, 伊德瑞斯·艾尔巴, 珍妮·斯蕾特, 内特·托伦斯, 邦妮·亨特, 唐·雷克, 汤米·钟, 奥克塔维亚·斯宾瑟, 艾伦·图代克, 夏奇拉, 雷蒙德, 德拉·萨巴, 莫里斯·拉马奇, 菲尔·约翰斯顿, 约翰·迪·马吉欧, 凯蒂·洛斯, 吉塔·雷迪, 杰西·科尔蒂, 汤米·利斯特, 乔希·达拉斯, 瑞奇·摩尔, 凯斯·索西, 彼得·曼斯布里奇, 拜伦·霍华德, 杰拉德·布什, 马克·史密斯, 乔西·特立尼达, 约翰·拉维尔, 克里斯汀·贝尔, 吉尔·科德斯, 梅利莎·古德温","喜剧, 动画, 冒险",美国
15,15,三傻大闹宝莱坞,9.2,2067605,英俊版憨豆，高情商版谢耳朵。,https://movie.douban.com/subject/3793023/,拉库马·希拉尼 Rajkumar Hirani,2009,2026-03-12 18:07:37,"阿米尔·汗, 卡琳娜·卡普尔, 马达范, 沙尔曼·乔希, 奥米·瓦依达, 博曼·伊拉尼, 莫娜·辛格, 拉杰夫·拉宾德拉纳特安","剧情, 喜剧, 爱情, 歌舞",印度
16,16,机器人总动员,9.3,1481868,小瓦力，大人生。,https://movie.douban.com/subject/2131459/,安德鲁·斯坦顿 Andrew Stanton,2008,2026-03-12 18:07:37,"本·贝尔特, 艾丽莎·奈特, 杰夫·格尔林, 佛莱德·威拉特, 西格妮·韦弗, 约翰·拉森贝格, 凯茜·纳基麦, 泰迪·牛顿, 鲍伯·伯根, 洛丽·理查德森, 吉姆·瓦德, 彼特·道格特, 安德鲁·斯坦顿, 杰夫·皮金, 约翰·齐甘, 米凯·麦高万, 雪莉·琳恩, 克莱特·惠特克, 唐纳德·富利洛夫, 罗里·艾伦, 杰斯·哈梅尔, 拉瑞恩·纽曼, 扬·拉布森, 保罗·伊丁","科幻, 动画, 冒险",美国
17,17,放牛班的春天,9.3,1465253,天籁一般的童声，是最接近上帝的存在。,https://movie.douban.com/subject/1291549/,克里斯托夫·巴拉蒂 Christophe Barratier,2004,2026-03-12 18:07:37,"让, 热拉尔·朱尼奥, 弗朗索瓦·贝莱昂, 凯德·麦拉德, 雅克·贝汉, 玛丽·布奈尔, 马克桑斯·贝汉, 格雷戈里·加迪诺尔, 托马斯·布伦门塔尔, 西里尔·伯尔尼科特, 西蒙·法戈特, 泰奥杜尔·卡雷, 菲利普·杜·詹纳兰德, 埃里克·德斯玛莱茨, 狄迪尔·弗拉蒙","剧情, 音乐","法国, 瑞士, 德国"
18,18,无间道,9.3,1554783,香港电影史上永不过时的杰作。,https://movie.douban.com/subject/1307914/,刘伟强 / 麦兆辉,2002,2026-03-12 18:07:37,"刘德华, 梁朝伟, 黄秋生, 曾志伟, 陈慧琳, 郑秀文, 陈冠希, 余文乐, 萧亚轩, 林家栋, 吴廷烨, 林迪安, 尹志强, 许金峰, 何华超, 利沙华, 区轩玮, 李天翔, 黄燕强, 姚文基, 余世腾, 苏伟南, 黎志伟, 梁皓楷, 张旭燊, 袁伟豪, 杜汶泽","剧情, 犯罪, 惊悚",中国香港
19,19,控方证人,9.6,734792,比利·怀德满分作品。,https://movie.douban.com/subject/1296141/,比利·怀尔德 Billy Wilder,1957,2026-03-12 18:07:37,"泰隆·鲍华, 玛琳·黛德丽, 查尔斯·劳顿, 埃尔莎·兰彻斯特, 约翰·威廉姆斯, 亨利·丹尼尔, 伊安·沃尔夫, 托林·撒切尔, 诺玛·威登, 尤娜·奥康纳, 弗朗西斯·康普顿, 菲利普·唐格, 茹塔·李, 帕特里克·艾亨, 唐·阿梅斯, 沃尔特·培根, 埃迪·贝克, 本吉·班克罗夫特, 约翰·巴顿, 布兰登·比奇","剧情, 犯罪, 悬疑, 惊悚",美国
20,20,寻梦环游记,9.1,1971857,死亡不是真的逝去，遗忘才是永恒的消亡。,https://movie.douban.com/subject/20495023/,李·昂克里奇 Lee Unkrich / 阿德里安·莫利纳 Adrian Molina,2017,2026-03-12 18:07:37,"安东尼·冈萨雷斯, 盖尔·加西亚·贝纳尔, 本杰明·布拉特, 阿兰娜·乌巴赫, 芮妮·维克托, 杰米·卡米尔, 阿方索·阿雷奥, 赫伯特·西古恩萨, 加布里埃尔·伊格莱西亚斯, 隆巴多·博伊尔, 安娜·奥菲丽亚·莫吉亚, 娜塔丽·科尔多瓦, 赛琳娜·露娜, 爱德华·詹姆斯·奥莫斯, 索菲亚·伊斯皮诺萨, 卡拉·梅迪纳, 黛娅娜·欧特里, 路易斯·瓦尔德斯, 布兰卡·阿拉切利, 萨尔瓦多·雷耶斯, 切奇·马林, 奥克塔维·索利斯, 约翰·拉森贝格","喜剧, 动画, 奇幻, 音乐",美国
21,21,大话西游之大圣娶亲,9.2,1701024,一生所爱。,https://movie.douban.com/subject/1292213/,刘镇伟 Jeffrey Lau,1995,2026-03-12 18:07:37,"周星驰, 吴孟达, 朱茵, 蔡少芬, 蓝洁瑛, 莫文蔚, 罗家英, 刘镇伟, 陆树铭, 李健仁","喜剧, 爱情, 奇幻, 古装","中国香港, 中国大陆"
22,22,熔炉,9.3,1031310,我们一路奋战不是为了改变世界，而是为了不让世界改变我们。,https://movie.douban.com/subject/5912992/,黄东赫 Dong-hyuk Hwang,2011,2026-03-12 18:07:37,"孔刘, 郑裕美, 金贤秀, 郑仁絮, 白承焕, 张矿, 金民尚, 林贤成, 金周灵, 严孝燮, 全国焕, 崔镇浩, 金志映, 严智星, 许在浩, 张素妍",剧情,韩国
23,23,触不可及,9.3,1287247,满满温情的高雅喜剧。,https://movie.douban.com/subject/6786002/,奥利维·那卡什 Olivier Nakache / 艾力克·托兰达 Eric Toledano   主,2011,2026-03-12 18:07:37,"弗朗索瓦·克鲁塞, 奥玛·希, 安娜·勒尼, 奥德雷·弗勒罗, 约瑟芬娜·德·摩, 克洛蒂尔德·莫莱特, 阿尔芭·贝露琪, 萨丽马特·卡马特, 格雷戈瓦·奥斯特曼, 多米尼克·达吉尔, 弗朗索瓦·卡隆, 托马·索利韦尔","剧情, 喜剧",法国
24,24,教父,9.3,1100024,千万不要记恨你的对手，这样会让你失去理智。,https://movie.douban.com/subject/1291841/,弗朗西斯·福特·科波拉 Francis Ford Coppola,1972,2026-03-12 18:07:37,"马龙·白兰度, 阿尔·帕西诺, 詹姆斯·肯恩, 理查德, 罗伯特·杜瓦尔, 斯特林·海登, 约翰·马利, 理查德·康特, 艾尔·勒提埃里, 黛安·基顿, 阿贝·维高达, 塔莉娅·夏尔, 吉亚尼·罗素, 约翰·凯泽尔, 鲁迪·邦德, 兰尼·蒙大拿","剧情, 犯罪",美国
25,25,末代皇帝,9.3,1022400,“不要跟我比惨，我比你更惨”再适合这部电影不过了。,https://movie.douban.com/subject/1293172/,贝纳尔多·贝托鲁奇 Bernardo Bertolucci,1987,2026-03-12 18:07:37,"尊龙, 陈冲, 邬君梅, 彼得·奥图尔, 英若诚, 吴涛, 黄自强, 丹尼斯·邓, 坂本龙一, 马吉·汉, 容荣华, 田川洋行, 苟杰德, 理查德·吴, 皱缇格, 陈凯歌, 卢燕, 蒋锡礽, 陈述, 鲍皓昕, 黄文捷, 邵茹贞, 亨利·基, 张良斌, 梁冬, 康斯坦丁·格雷戈里, 黄汉琪, 王涛, 宋怀桂, 蔡鸿翔, 程淑艳, 张天民","剧情, 传记, 历史","英国, 意大利, 中国大陆, 法国"
26,26,哈利·波特与魔法石,9.2,1412697,童话世界的开端。,https://movie.douban.com/subject/1295038/,Chris Columbus,2001,2026-03-12 18:07:37,"丹尼尔·雷德克里夫, 艾玛·沃森, 鲁伯特·格林特, 艾伦·瑞克曼, 玛吉·史密斯, 汤姆·费尔顿, 伊恩·哈特, 理查德·哈里斯, 约翰·赫特, 罗彼·考特拉尼, 朱丽·沃特斯, 邦妮·怀特, 约翰·克里斯, 肖恩·比格斯代夫","奇幻, 冒险","美国, 英国"
27,27,当幸福来敲门,9.1,1679460,平民励志片。,https://movie.douban.com/subject/1849031/,加布里尔·穆奇诺 Gabriele Muccino,2006,2026-03-12 18:07:37,"威尔·史密斯, 贾登·史密斯, 坦迪·牛顿, 布莱恩·豪威, 詹姆斯·凯伦, 丹·卡斯泰兰尼塔, 柯特·富勒, 塔卡尤·费舍尔, 凯文·韦斯特, 乔治·张, 戴维·迈克尔·西尔弗曼, 多米尼克·博夫, 杰弗·卡伦, 乔伊芙·拉文, 斯科特·克拉斯","剧情, 传记, 家庭",美国
28,28,龙猫,9.2,1404045,人人心中都有个龙猫，童年就永远不会消失。,https://movie.douban.com/subject/1291560/,宫崎骏 Hayao Miyazaki,1988,2026-03-12 18:07:37,"日高范子, 坂本千夏, 糸井重里, 岛本须美, 北林谷荣, 高木均, 雨笠利幸, 丸山裕子, 广濑正志, 鹫尾真知子, 铃木玲子, 千叶繁, 龙田直树, 鳕子, 西村朋纮, 石田光子, 神代知衣, 中村大树, 水谷优子, 平松晶子, 大谷育江","动画, 奇幻, 冒险",日本
29,29,活着,9.3,964555,张艺谋最好的电影。,https://movie.douban.com/subject/1292365/,张艺谋 Yimou Zhang,1994,2026-03-12 18:07:37,"葛优, 巩俐, 姜武, 牛犇, 郭涛, 张璐, 倪大红, 肖聪, 董飞, 刘天池, 董立范, 黄宗洛, 刘燕瑾, 李连义, 杨同顺","剧情, 历史, 家庭","中国大陆, 中国香港"
30,30,怦然心动,9.1,2040992,真正的幸福是来自内心深处。,https://movie.douban.com/subject/3319755/,罗伯·莱纳 Rob Reiner,2010,2026-03-12 18:07:37,"玛德琳·卡罗尔, 卡兰·麦克奥利菲, 瑞贝卡·德·莫妮, 安东尼·爱德华兹, 约翰·马奥尼, 佩内洛普·安·米勒, 艾丹·奎因, 凯文·韦斯曼, 摩根·莉莉, 瑞安·克茨纳, 吉莉安·普法夫, 迈克尔·博萨, 博·勒纳, 杰奎琳·埃沃拉, 泰勒·格鲁秀斯, 艾莉·布莱恩特, 阿什莉·泰勒, 伊瑟尔·布罗萨德, 科迪·霍恩, 迈克尔·博尔顿, 肖恩·哈珀, 斯戴芬妮·斯考特, 帕特丽夏·伦茨, 马修·戈尔德, 阿罗拉·凯瑟琳·史密斯, 凯莉·唐纳利, 索菲亚·撒高, 米歇尔·梅斯默, 斯科特·乔尔·吉兹基, 罗德·迈尔斯, 卡拉, 凯特琳·帕西托","剧情, 喜剧, 爱情",美国
31,31,蝙蝠侠：黑暗骑士,9.2,1186824,无尽的黑暗。,https://movie.douban.com/subject/1851857/,克里斯托弗·诺兰 Christopher Nolan,2008,2026-03-12 18:07:37,"克里斯蒂安·贝尔, 希斯·莱杰, 艾伦·艾克哈特, 迈克尔·凯恩, 玛吉·吉伦哈尔, 加里·奥德曼, 摩根·弗里曼, 莫尼克·加布里埃拉·库尔内, 罗恩·迪恩, 基里安·墨菲, 黄经汉, 内斯特·卡博内尔, 埃里克·罗伯茨, 里特奇·科斯特, 安东尼·迈克尔·豪尔, 基斯·斯扎拉巴基克, 柯林·麦克法兰, 约书亚·哈尔托, 美琳达·麦格劳, 内森·甘宝, 迈克尔·维约, 迈克尔·斯托扬诺夫, 威廉·斯米利, 丹尼·高德林, 迈克尔·加·怀特, 马修·奥尼尔, 威廉·菲克纳, 欧鲁米基·欧拉乌米, 格雷格·比姆, 爱利克·赫尔曼, 毕崔斯·罗森, 文森佐·尼克力, 陈冠希","剧情, 动作, 科幻, 犯罪, 惊悚","美国, 英国"
32,32,指环王3：王者无敌,9.3,905155,史诗的终章。,https://movie.douban.com/subject/1291552/,彼得·杰克逊 Peter Jackson,2003,2026-03-12 18:07:37,"伊利亚·伍德, 西恩·奥斯汀, 维果·莫腾森, 奥兰多·布鲁姆, 伊恩·麦克莱恩, 肖恩·宾, 多米尼克·莫纳汉, 丽芙·泰勒, 约翰·贝西, 凯特·布兰切特, 比利·博伊德, 萨德文·布罗菲, 阿利斯泰尔·布朗宁, 马尔顿·索克斯, 伯纳德·希尔, 伊安·霍姆, 布鲁斯·霍普金斯, 伊恩·休斯, 劳伦斯·马克奥雷, 诺埃尔·阿普利比, 布雷特·麦肯齐, 约翰·诺贝尔, 米兰达·奥图, 布鲁斯·菲利普斯, 沙恩·朗吉, 约翰·瑞斯, 托德·里彭, 安迪·瑟金斯, 乔尔·托贝克, 卡尔·厄本, 史蒂芬·乌瑞, 雨果·维文, 大卫·文翰, 阿兰·霍华德, 萨拉·贝克, 佩特·史密斯, 杰德·布罗菲, 菲利普·格里夫, 布拉德·道里夫, 克里斯托弗·李, 布鲁斯·斯宾斯, 吉诺·阿赛维多, 乔恩·本宗, 罗伯特·卡托, 彼得·杰克逊, 桑德罗·科普, 安德鲁·莱斯尼, 约瑟夫·米卡, 亨利·莫腾森, 克雷格·帕克, 克里斯蒂安·瑞沃斯, 迈克尔·","剧情, 动作, 奇幻, 冒险","美国, 新西兰"
33,33,我不是药神,9.0,2339585,对我们国家而言，这样的电影多一部是一部。,https://movie.douban.com/subject/26752088/,文牧野 Muye Wen,2018,2026-03-12 18:07:37,"徐峥, 王传君, 周一围, 谭卓, 章宇, 杨新鸣, 王砚辉, 王佳佳, 贾弘逍, 龚蓓苾, 宁浩, 李乃文, 岳小军, 苇青, 富冠铭, 巴拉特·巴蒂, 喜利图, 张海艳, 朱耕佑","剧情, 喜剧",中国大陆
34,34,乱世佳人,9.3,789688,Tomorrow is another day.,https://movie.douban.com/subject/1300267/,维克多·弗莱明 Victor Fleming / 乔治·库克 George Cukor,1939,2026-03-12 18:07:37,"费雯·丽, 克拉克·盖博, 奥利维娅·德哈维兰, 托马斯·米切尔, 芭芭拉·欧内尔, 伊夫林·凯耶斯, 安·卢瑟福德, 乔治·里弗斯, 弗莱德·克莱恩, 海蒂·麦克丹尼尔斯, 奥斯卡·波尔克, 巴特弗莱·麦昆, 维克托·乔里, 埃弗雷特·布朗, 霍华德, 艾丽西亚·瑞特, 莱斯利·霍华德, 兰德·布鲁克斯, 卡洛尔·奈, 劳拉·霍普·克鲁斯, 埃迪·安德森, 哈里·达文波特, 利昂娜·罗伯特, 简·达威尔, 欧娜·满森, 保罗·赫斯特, 伊莎贝尔·朱尔, 卡米·金·肯伦, 艾瑞克·林登, 沃德·邦德, 莉莲·肯布尔","剧情, 历史, 爱情, 战争",美国
35,35,飞屋环游记,9.1,1491418,最后那些最无聊的事情，才是最值得怀念的。,https://movie.douban.com/subject/2129039/,彼特·道格特 Pete Docter / 鲍勃·彼德森 Bob Peterson,2009,2026-03-12 18:07:37,"爱德华·阿斯纳, 克里斯托弗·普卢默, 乔丹·长井, 鲍勃·彼德森, 德尔罗伊·林多, 杰罗姆·兰福特, 约翰·拉森贝格, 大卫·卡耶, 艾丽·道克特, 杰里米·利里, 米凯·麦高万, 丹尼·曼恩, 唐纳德·富利洛夫, 杰斯·哈梅尔, 乔什·库雷, 彼特·道格特","剧情, 喜剧, 动画, 冒险",美国
36,36,让子弹飞,9.0,1911079,你给我翻译翻译，神马叫做TMD的惊喜。,https://movie.douban.com/subject/3742360/,姜文 Wen Jiang,2010,2026-03-12 18:07:37,"姜文, 葛优, 周润发, 刘嘉玲, 陈坤, 张默, 姜武, 周韵, 廖凡, 姚橹, 邵兵, 苗圃, 冯小刚, 胡军, 马珂, 白冰, 杜奕衡, 李静, 胡明, 危笑, 杨奇雨, 赵铭","剧情, 喜剧, 动作, 西部","中国大陆, 中国香港"
37,37,哈尔的移动城堡,9.1,1281681,带着心爱的人在天空飞翔。,https://movie.douban.com/subject/1308807/,宫崎骏 Hayao Miyazaki,2004,2026-03-12 18:07:37,"倍赏千惠子, 木村拓哉, 美轮明宏, 我修院达也, 神木隆之介, 伊崎充则, 大泉洋, 大塚明夫, 原田大二郎, 加藤治子, 都筑香弥子","爱情, 动画, 奇幻, 冒险",日本
38,38,十二怒汉,9.4,574953,1957年的理想主义。,https://movie.douban.com/subject/1293182/,西德尼·吕美特 Sidney Lumet,1957,2026-03-12 18:07:37,"亨利·方达, 马丁·鲍尔萨姆, 约翰·菲德勒, 李·科布, 马绍尔, 杰克·克卢格曼, 爱德华·宾斯, 杰克·沃登, 约瑟夫·史威尼, 埃德·贝格利, 乔治·沃斯科维奇, 罗伯特·韦伯",剧情,美国
39,39,海蒂和爷爷,9.3,773364,如果生活中有什么使你感到快乐，那就去做吧！不要管别人说什么。,https://movie.douban.com/subject/25958717/,阿兰·葛斯彭纳 Alain Gsponer,2015,2026-03-12 18:07:37,"阿努克·斯特芬, 布鲁诺·冈茨, 昆林·艾格匹, 安娜·申茨, 伊莎贝尔·奥特曼, 莉莲·奈福, 彼得·杰克林, 克里斯托夫·高格勒, 丽贝卡·因德穆, 莫妮卡·古布瑟, 阿瑟·比勒, 玛丽埃塔·耶米, 彼得·洛迈尔, 卡塔琳娜·舒特勒, 耶拉·哈泽, 迈克尔·克兰茨, 劳拉·帕克, 马库斯·赫林, 马克西姆·梅米特, 汉娜洛蕾·赫格","剧情, 冒险, 家庭","德国, 瑞士"
40,40,素媛,9.3,772147,受过伤害的人总是笑得最开心，因为他们不愿意让身边的人承受一样的痛苦。,https://movie.douban.com/subject/21937452/,李濬益 Jun-ik Lee,2013,2026-03-12 18:07:37,"薛景求, 严志媛, 李来, 金海淑, 金相镐, 罗美兰, 杨真诚, 权泰元",剧情,韩国
41,41,猫鼠游戏,9.1,1202373,骗子大师和执著警探的你追我跑故事。,https://movie.douban.com/subject/1305487/,史蒂文·斯皮尔伯格 Steven Spielberg,2002,2026-03-12 18:07:37,"莱昂纳多·迪卡普里奥, 汤姆·汉克斯, 克里斯托弗·沃肯, 马丁·辛, 艾米·亚当斯, 詹妮弗·加纳, 伊丽莎白·班克斯, 纳塔莉·贝伊, 詹姆斯·布洛林, 艾伦·旁派, 南希·利内翰, 布莱恩·豪威, 弗兰克·约翰·休斯, 克里斯·埃里斯","传记, 犯罪, 剧情","美国, 加拿大"
42,42,天空之城,9.2,1003750,对天空的追逐，永不停止。,https://movie.douban.com/subject/1291583/,宫崎骏 Hayao Miyazaki,1986,2026-03-12 18:07:37,"田中真弓, 横泽启子, 初井言荣, 寺田农, 常田富士男, 永井一郎, 糸博, 鹫尾真知子, 神山卓三, 安原义人, 槐柳二, 鳕子","动画, 奇幻, 冒险",日本
43,43,鬼子来了,9.3,711079,对敌人的仁慈，就是对自己残忍。,https://movie.douban.com/subject/1291858/,姜文 Wen Jiang,2000,2026-03-12 18:07:37,"姜文, 香川照之, 袁丁, 姜宏波, 丛志军, 李丛喜, 泽田谦也, 李海滨, 蔡卫东, 陈述, 陈莲梅, 史建全, 陈强, 宫路佳具, 吴大维, 梶冈润一, 石山雄大, 述平, 姜武","剧情, 喜剧",中国大陆
44,44,摔跤吧！爸爸,9.0,1737061,你不是在为你一个人战斗，你要让千千万万的女性看到女生并不是只能相夫教子。,https://movie.douban.com/subject/26387939/,涅提·蒂瓦里 Nitesh Tiwari,2016,2026-03-12 18:07:37,"阿米尔·汗, 法缇玛·萨那·纱卡, 桑亚·玛荷塔, 阿帕尔夏克提·库拉那, 沙克希·坦沃, 塞伊拉·沃西, 苏哈妮·巴特纳格尔, 里特维克·萨霍里, 吉里什·库卡尼","剧情, 传记, 运动, 家庭",印度
45,45,少年派的奇幻漂流,9.1,1483506,瑰丽壮观、无人能及的冒险之旅。,https://movie.douban.com/subject/1929463/,李安 Ang Lee,2012,2026-03-12 18:07:37,"苏拉·沙玛, 伊尔凡·可汗, 拉菲·斯波, 阿迪勒·侯赛因, 塔布, 阿尤什·坦东, 加塔姆·贝鲁尔, 阿彦·汗, 穆德·阿巴斯·卡勒里, 维比什·希瓦库玛, 热拉尔·德帕迪约, 詹姆斯·斋藤, 俊·奈托, 安德里亚·迪·斯戴法诺, 沙拉万提·塞纳特, 王柏杰, 柯一正, 黄健玮","剧情, 奇幻, 冒险","美国, 中国台湾, 英国, 加拿大"
46,46,钢琴家,9.3,745878,,https://movie.douban.com/subject/1296736/,罗曼·波兰斯基 Roman Polanski,2002,2026-03-12 18:07:37,"阿德里安·布罗迪, 托马斯·克莱舒曼, 艾米莉娅·福克斯, 米哈乌·热布罗夫斯基, 埃德·斯托帕德, 穆琳·利普曼, 弗兰克·芬莱, 茱莉亚·蕾娜, 杰西卡·凯特·梅耶尔, 理查德·赖丁斯","剧情, 传记, 战争, 音乐","英国, 法国, 波兰, 德国, 美国"
47,47,指环王2：双塔奇兵,9.2,852315,承前启后的史诗篇章。,https://movie.douban.com/subject/1291572/,彼得·杰克逊 Peter Jackson,2002,2026-03-12 18:07:37,"伊利亚·伍德, 西恩·奥斯汀, 多米尼克·莫纳汉, 奥兰多·布鲁姆, 维果·莫腾森, 伊恩·麦克莱恩, 凯特·布兰切特, 比利·博伊德, 杰德·布罗菲, 丽芙·泰勒, 安迪·瑟金斯, 米兰达·奥图, 雨果·维文, 布拉德·道里夫, 卡卢姆·吉廷斯, 伯纳德·希尔, 布鲁斯·霍普金斯, 克里斯托弗·李, 纳撒尼尔·利斯, 罗宾·马尔科姆, 约翰·贝西, 萨拉·贝克, 克雷格·帕克, 布鲁斯·菲利普斯, 约翰·瑞斯, 奥利维亚·田內, 卡尔·厄本, 史蒂芬·乌瑞, 大卫·文翰, 菲利普·格里夫, 肖恩·宾, 约翰·诺贝尔, 乔恩·本宗, 阿利斯泰尔·布朗宁, 罗伯特·卡托, 罗德尼·库克, 卡尔洛斯·德林克沃特, 西奥沙福瓦, 本·弗兰舍姆, 丹·汉纳, 保罗·霍姆斯, 杰森·霍德, 彼得·杰克逊, 桑德罗·科普","剧情, 动作, 奇幻, 冒险","美国, 新西兰"
48,48,死亡诗社,9.2,874598,当一个死水般的体制内出现一个活跃的变数时，所有的腐臭都站在了光明的对面。,https://movie.douban.com/subject/1291548/,彼得·威尔 Peter Weir,1989,2026-03-12 18:07:37,"罗宾·威廉姆斯, 罗伯特·肖恩·莱纳德, 伊桑·霍克, 乔西·查尔斯, 盖尔·汉森, 迪伦·库斯曼, 阿勒隆·鲁杰罗, 詹姆斯·沃特斯顿, 诺曼·劳埃德, 柯特伍德·史密斯, 卡拉·贝尔韦尔, 利昂·波纳尔, 乔治·马丁, 乔·奥菲耶里, 马特·凯里, 凯文·库尼, 拉腊·弗林·鲍尔, 亚历桑德拉·鲍尔斯, 梅洛拉·沃尔特斯, 帕梅拉·伯勒尔, 约翰·库宁汉姆, 迪布拉·穆尼, 库尔特·莱特纳, 凯瑟·斯内德, 霍纳斯·斯蒂克洛瑞斯, 杰米·肯尼迪",剧情,美国
49,49,大话西游之月光宝盒,9.0,1359301,,https://movie.douban.com/subject/1299398/,刘镇伟 Jeffrey Lau,1995,2026-03-12 18:07:37,"周星驰, 吴孟达, 罗家英, 蓝洁瑛, 莫文蔚, 江约诚, 陆树铭, 刘镇伟, 朱茵, 李健仁, 李宝龙","喜剧, 爱情, 奇幻, 古装","中国香港, 中国大陆"
50,50,何以为家,9.1,1157766,凝视卑弱生命，用电影改变命运。,https://movie.douban.com/subject/30170448/,娜丁·拉巴基 Nadine Labaki,2018,2026-03-12 18:07:37,"赞恩·阿尔·拉菲亚, 约丹诺斯·希费罗, 博鲁瓦蒂夫·特雷杰·班科尔, 卡萨尔·艾尔·哈达德, 法迪·尤瑟夫, 海塔·塞德拉·伊扎姆, 阿拉·乔什涅, 娜丁·拉巴基, 埃利亚斯·库利, 努尔·艾尔·侯赛尼",剧情,"黎巴嫩, 美国, 法国, 塞浦路斯, 卡塔尔, 英国"
51,51,绿皮书,8.9,1881776,去除成见，需要勇气。,https://movie.douban.com/subject/27060077/,彼得·法雷里 Peter Farrelly,2018,2026-03-12 18:07:37,"维果·莫腾森, 马赫沙拉·阿里, 琳达·卡德里尼, 塞巴斯蒂安·马尼斯科, 迪米特, 迈克·哈顿, 乔·柯蒂斯, 玛姬·尼克松, 冯·刘易斯, 乔恩·索特兰, 唐·斯达克, 安东尼·曼加诺, 保罗·斯隆, 珍娜·劳伦索, 肯尼斯·以色列, 伊克博·塞巴, 尼克·瓦莱隆加, 大卫·安, 迈克·切罗内, 杰拉尔丁·辛格, 马丁·巴特斯·布拉德福德, 格拉伦·布莱恩特·班克斯, 汤姆·维图, 夏恩·帕特洛, 丹尼斯, 吉姆·克洛克, 戴恩·罗兹, 布莱恩·斯泰潘内克, 乔恩·迈克尔·戴维斯, 布莱恩·库瑞, 托尼亚·马尔多纳多","剧情, 喜剧, 传记, 音乐","美国, 中国大陆"
52,52,闻香识女人,9.1,1017217,,https://movie.douban.com/subject/1298624/,马丁·布莱斯 Martin Brest,1992,2026-03-12 18:07:37,"阿尔·帕西诺, 克里斯·奥唐纳, 詹姆斯·瑞布霍恩, 加布里埃尔·安瓦尔, 菲利普·塞默·霍夫曼, 理查德·文彻, 布莱德利·惠特福德, 罗谢尔·奥利弗, 玛格丽特·埃金顿, 汤姆·里斯·法雷尔, 尼古拉斯·萨德勒, 托德·路易斯, 马特·史密斯, 吉恩·坎菲尔德, 弗兰西丝·康罗伊, 朱恩·斯奎布, 朗·埃达德, 萨莉·墨菲, 迈克尔·桑托罗, 艾莉森·费尔德曼",剧情,美国
53,53,大闹天宫,9.4,506728,,https://movie.douban.com/subject/1418019/,万籁鸣 Laiming Wan,1961,2026-03-12 18:07:37,"邱岳峰, 富润生, 毕克, 尚华, 于鼎, 李梓, 刘广宁","剧情, 动画, 奇幻, 古装",中国大陆
54,54,黑客帝国,9.1,944937,,https://movie.douban.com/subject/1291843/,安迪·沃卓斯基 Andy Wachowski / 拉娜·沃卓斯基 Lana Wachowski   主,1999,2026-03-12 18:07:37,"基努·里维斯, 劳伦斯·菲什伯恩, 凯瑞, 雨果·维文, 格洛丽亚·福斯特, 乔·潘托里亚诺, 马库斯·钟, 朱利安·阿拉汗加, 马特·多兰, 贝琳达·麦克洛里, 安东尼·雷·帕克, 罗伯特·泰勒, 阿达·尼科德莫, 罗温·维特, 塔玛拉·布朗, 纳塔莉·特珍, 比尔·扬, 克里斯·斯科特, 纳许·埃哲顿","动作, 科幻",美国
55,55,指环王1：护戒使者,9.1,954692,,https://movie.douban.com/subject/1291571/,彼得·杰克逊 Peter Jackson,2001,2026-03-12 18:07:37,"伊利亚·伍德, 西恩·奥斯汀, 伊恩·麦克莱恩, 维果·莫腾森, 奥兰多·布鲁姆, 多米尼克·莫纳汉, 比利·博伊德, 克里斯托弗·李, 马尔顿·索克斯, 梅根·爱德华兹, 伊安·霍姆, 凯特·布兰切特, 阿兰·霍华德, 马克·弗格森, 肖恩·宾, 萨拉·贝克, 劳伦斯·马克奥雷, 安迪·瑟金斯, 彼得·麦肯齐, 伊恩·穆内, 克雷格·帕克, 卡梅隆·罗德, 约翰·瑞斯, 丽芙·泰勒, 大卫·韦瑟莱, 雨果·维文, 菲利普·格里夫, 威廉·约翰逊, 伊丽莎白·穆迪, 布莱恩·瑟金特, 杰德·布罗菲, 诺曼·凯茨, 兰德尔·威廉·库克, 萨比恩·克洛森, 西奥沙福瓦, 本·弗兰舍姆, 彼得·杰克逊, 艾伦·李","剧情, 动作, 奇幻, 冒险","新西兰, 美国, 英国"
56,56,罗马假日,9.1,1044170,,https://movie.douban.com/subject/1293839/,威廉·惠勒 William Wyler,1953,2026-03-12 18:07:37,"奥黛丽·赫本, 格利高里·派克, 埃迪·艾伯特, 哈特利·鲍尔, 哈考特·威廉姆斯, 玛格丽特·罗林斯, 托里奥·卡米纳提, 保罗·卡利尼, 克劳迪奥·埃尔梅利, 保拉·布鲁布尼, 里佐·弗雷多里佐","喜剧, 剧情, 爱情",美国
57,57,教父2,9.3,635811,,https://movie.douban.com/subject/1299131/,弗朗西斯·福特·科波拉 Francis Ford Coppola,1974,2026-03-12 18:07:37,"阿尔·帕西诺, 罗伯特·杜瓦尔, 黛安·基顿, 罗伯特·德尼罗, 约翰·凯泽尔, 塔莉娅·夏尔, 李·斯特拉斯伯格, 迈克尔, 斯普拉德林, 理查德·布赖特, 加斯通·莫辛, 汤姆·罗斯奎, 布鲁诺·柯比, 弗兰克·西维罗, 弗朗西丝卡·德·萨维奥, 摩甘娜金, 玛丽亚娜·希尔, 莱奥波多·特里耶斯泰, 多米尼克·查尼斯, 特洛伊·多纳休, 约翰·阿普雷亚, 乔·斯皮内尔, 阿贝·维高达, 吉亚尼·罗素, 菲伊·斯潘, 哈利·迪恩·斯坦顿, 卡明·卡里迪, 丹尼·爱罗, 威廉·鲍尔斯, 约瑟夫·德拉·索尔特, 卡门·阿尔根齐亚诺, 乔·罗·格里普, 凯瑟琳·贝勒, 彼得·多纳特, 汤姆·达尔格伦, 罗杰·科曼, 伊凡·科尔, 艾丽卡·约恩, 詹姆斯·肯恩, 罗曼·科波拉, 索菲亚·科波拉, 朱莉·格雷格, 小杉正一, 加里·库尔茨, 理查德·麦瑟森, 约翰·梅根纳","剧情, 犯罪",美国
58,58,狮子王,9.1,955869,,https://movie.douban.com/subject/1301753/,Roger Allers / 罗伯·明可夫 Rob Minkoff,1994,2026-03-12 18:07:37,"乔纳森·泰勒·托马斯, 马修·布罗德里克, 杰瑞米·艾恩斯, 詹姆斯·厄尔·琼斯, 莫伊拉·凯利, 内森·连恩, 尼基塔·卡兰姆, 埃林·萨贝拉, 乌比·戈德堡, 罗温·艾金森","动画, 冒险, 歌舞",美国
59,59,天堂电影院,9.2,737905,,https://movie.douban.com/subject/1291828/,朱塞佩·托纳多雷 Giuseppe Tornatore,1988,2026-03-12 18:07:37,"菲利普·努瓦雷, 萨瓦特利·卡西欧, 雅克·贝汉, 马克·莱昂纳蒂, 莱奥波多·特里耶斯泰, 安东内拉·阿蒂利, 恩佐·卡拉瓦勒, 艾萨·丹尼埃利, 里奥·故罗塔, 普佩拉·玛奇奥, 阿格妮丝·那诺, 塔诺·希玛罗萨, 尼古拉·迪平托, 罗伯塔·蕾娜, 尼诺·戴罗佐, 玛丽娜·朱迪切, 比阿特丽斯·帕姆, 布丽吉特·佛西, 朱塞佩·托纳多雷","剧情, 爱情","意大利, 法国"
60,60,饮食男女,9.2,720514,,https://movie.douban.com/subject/1291818/,李安 Ang Lee,1994,2026-03-12 18:07:37,"郎雄, 杨贵媚, 吴倩莲, 王渝文, 张艾嘉, 归亚蕾, 赵文瑄, 陈昭荣, 陈捷文, 卢金城, 唐语谦, 洪其德, 王瑞, 杜满生, 王玨, 陈妤, 左正芬, 许敬民, 聂卓晶, 丁仲","剧情, 家庭","中国台湾, 美国"
61,61,辩护人,9.2,655297,电影的现实意义大过电影本身。,https://movie.douban.com/subject/21937445/,杨宇硕 Woo-seok Yang,2013,2026-03-12 18:07:37,"宋康昊, 金迎爱, 吴达洙, 郭度沅, 任时完, 宋永彰, 郑元中, 赵敏基, 李杭娜, 李星民, 车光洙, 韩基重, 沈熙燮, 赵莞基, 李姃垠",剧情,韩国
62,62,本杰明·巴顿奇事,9.0,1099969,在时间之河里感受溺水之苦。,https://movie.douban.com/subject/1485260/,大卫·芬奇 David Fincher,2008,2026-03-12 18:07:37,"布拉德·皮特, 凯特·布兰切特, 朱莉娅·奥蒙德, 芳妮, 伊莱亚斯·科泰斯, 杰森·弗莱明, 大卫·詹森, 蒂尔达·斯文顿, 艾丽·范宁, 乔安娜·塞勒, 乔什·斯图沃特, 丹尼·文森, 塔拉吉, 马赫沙拉·阿里, 菲奥娜·黑尔, 唐娜·杜普兰提尔, 兰斯, 特德·曼森, 克莱·卡伦, 菲莉丝·萨莫维尔, 杰瑞德·哈里斯, 麦迪逊·贝蒂, 汤姆·埃沃雷特, 克里斯托弗·马克斯韦尔, 伊利亚·沃里克","剧情, 爱情, 奇幻",美国
63,63,搏击俱乐部,9.0,968498,,https://movie.douban.com/subject/1292000/,大卫·芬奇 David Fincher,1999,2026-03-12 18:07:37,"爱德华·诺顿, 布拉德·皮特, 海伦娜·伯翰·卡特, 扎克·格雷尼尔, 米特·洛夫, 杰瑞德·莱托, 艾恩·贝利, 里奇蒙德·阿奎特, 乔治·马奎尔","剧情, 动作, 悬疑, 惊悚",美国
64,64,美丽心灵,9.1,850366,,https://movie.douban.com/subject/1306029/,朗·霍华德 Ron Howard,2001,2026-03-12 18:07:37,"罗素·克劳, 艾德·哈里斯, 詹妮弗·康纳利, 克里斯托弗·普卢默, 保罗·贝坦尼, 亚当·戈德堡, 乔什·卢卡斯, 安东尼·拉普, 贾森·加里, 贾德·赫希, 奥斯汀·潘德尔顿, 薇薇·卡登尼, 吉莉·西蒙, 维克多·斯坦巴赫, 坦娅·克拉克, 罗伊·辛尼斯, 谢丽尔·霍华德, 兰斯·霍华德, 简·詹金斯, 乔什·帕斯, 瓦伦蒂娜·卡迪纳利, 蒂格尔, 迈克尔·埃斯佩尔, 艾米·瓦尔兹, 小艾德, 卡拉·奥奇格罗索, 斯特里奥·萨万特, 迈克尔·阿伯特, 雷吉·奥斯汀, 凯德·比特纳, 理查·布莱恩特, 丹·陈, 乔纳·福尔肯, 法布里奇奥·范特, 斯科特·费恩斯特罗姆, 迈克尔·菲奥里, 塞斯·盖贝尔, 埃文·哈特, 杰森·霍顿, 布莱丝·达拉斯·霍华德, 朗·霍华德, 多里·曼佐尔, 罗伯特·迈尔斯, 里德·彭尼, 米尔斯·彼埃尔, 肖恩·里德","传记, 剧情",美国
65,65,穿条纹睡衣的男孩,9.2,638857,尽管有些不切实际的幻想，这部电影依旧是一部感人肺腑的佳作。,https://movie.douban.com/subject/3008247/,马克·赫尔曼 Mark Herman,2008,2026-03-12 18:07:37,"阿萨·巴特菲尔德, 维拉·法米加, 卡拉·霍根, 祖萨·霍尔, 安贝尔·比蒂, 拉斯洛·阿隆, 大卫·休里斯, 理查德·约翰逊, 谢拉·汉考克, 伊凡·弗雷贝利, 贝拉·费斯彼姆, 阿提拉·埃杰德, 鲁伯特·弗兰德, 大卫·海曼, 吉姆·诺顿, 杰克·塞隆, 米哈利·绍鲍多什, 泽索特·萨法尔·科夫卡, 奥索利亚·茱莉娅·帕普","剧情, 战争","英国, 美国"
66,66,情书,8.9,1318543,,https://movie.douban.com/subject/1292220/,岩井俊二 Shunji Iwai,1995,2026-03-12 18:07:37,"中山美穗, 丰川悦司, 酒井美纪, 柏原崇, 范文雀, 篠原胜之, 铃木庆一, 田口智朗, 加贺麻理子, 光石研, 铃木兰兰, 盐见三省, 中村久美, 梅田凡乃, 长田江身子, 小栗香织, 神户浩, 酒井敏也, 山口诗史, 山崎一, 德井优, 武藤寿美","剧情, 爱情",日本
67,67,哈利·波特与死亡圣器(下),9.0,965904,10年的完美句点。,https://movie.douban.com/subject/3011235/,大卫·叶茨 David Yates,2011,2026-03-12 18:07:37,"丹尼尔·雷德克里夫, 艾玛·沃森, 鲁伯特·格林特, 海伦娜·伯翰·卡特, 拉尔夫·费因斯, 艾伦·瑞克曼, 玛吉·史密斯, 汤姆·费尔顿, 邦妮·怀特, 朱丽·沃特斯, 迈克尔·刚本, 伊文娜·林奇, 多姆纳尔·格里森, 克蕾曼丝·波西, 詹森·艾萨克, 海伦·麦克洛瑞, 马修·刘易斯, 梁佩诗, 约翰·赫特, 大卫·休里斯, 加里·奥德曼, 吉姆·布劳德本特, 艾玛·汤普森, 娜塔丽·特纳, 蒂莫西·斯波, 大卫·布拉德利, 罗彼·考特拉尼, 凯莉·麦克唐纳, 塞伦·希德","奇幻, 冒险","美国, 英国"
68,68,两杆大烟枪,9.1,674386,,https://movie.douban.com/subject/1293350/,盖·里奇 Guy Ritchie,1998,2026-03-12 18:07:37,"杰森·弗莱明, 德克斯特·弗莱彻, 尼克·莫兰, 杰森·斯坦森, 斯蒂文·麦金托什, 尼古拉斯·罗尔, 维尼·琼斯, 蓝尼·麦克林, 莫里亚蒂, 弗兰克·哈珀, 史蒂夫·斯威尼, 休吉·里弗, 罗尼·福克斯, 斯蒂芬·马库斯, 瓦斯·布莱克伍德, 斯汀, 杰克·亚伯拉罕, 罗伯·布莱顿, 薇拉·黛, 阿兰·福德, 席德·戈尔德, 丹尼·约翰, 维克多·麦奎尔, 安德鲁·蒂曼, 马修·沃恩, 布拉德·雅各布维茨","剧情, 喜剧, 犯罪",英国
69,69,窃听风暴,9.2,629363,别样人生。,https://movie.douban.com/subject/1900841/,弗洛里安·亨克尔·冯·多纳斯马尔克 Florian Henckel von Donnersmarck  &n,2006,2026-03-12 18:07:37,"乌尔里希·穆埃, 马蒂娜·格德克, 塞巴斯蒂安·科赫, 乌尔里希·图库尔, 托马斯·蒂梅, 汉斯, 沃克马·克莱纳特, 马提亚斯·布伦纳, 查理·哈纳, 赫伯特·克瑙普, 巴斯蒂安·特罗斯特, 玛丽·格鲁伯, 维尔纳·德恩, 马丁·布拉姆马赫, 托马斯·阿诺德, 辛纳克·勋纳曼, 路德韦格·布洛克伯格, 迈克尔·格伯, 吉塔·施维赫夫, 希尔德加德·斯罗德, 伊嘉·比肯费尔德, 凯·伊沃·保利兹, 克劳斯·芒斯特","剧情, 悬疑",德国
70,70,音乐之声,9.1,681087,,https://movie.douban.com/subject/1294408/,罗伯特·怀斯 Robert Wise,1965,2026-03-12 18:07:37,"朱莉·安德鲁斯, 克里斯托弗·普卢默, 埃琳诺·帕克, 理查德·海顿, 佩吉·伍德, 查尔敏·卡尔, 希瑟·孟席斯, 尼古拉斯·哈蒙德, 杜安·蔡斯, 安吉拉·卡特怀特, 黛比·特纳, 基姆·卡拉思, 安娜·李, 波希娅·纳尔逊, 本·怀特, 丹尼尔·特鲁希特, 诺玛·威登, 吉尔克里斯特·斯图尔特, 马妮·尼克松, 埃瓦德妮·贝克, 多丽丝·劳埃德, 格特鲁德·阿斯特, 弗兰克·贝克, 史蒂夫·卡鲁瑟斯, 山姆·哈里斯, 多罗西·吉金斯, 利奥达·理查德斯, 杰弗里·塞尔, 伯纳德·赛尔, 诺尔曼·斯蒂凡斯, 伯特史蒂文斯, 玛丽亚·冯·特拉普","剧情, 传记, 爱情, 歌舞",美国
71,71,功夫,8.9,1328536,警恶惩奸，维护世界和平这个任务就交给你了，好吗？,https://movie.douban.com/subject/1291543/,周星驰 Stephen Chow,2004,2026-03-12 18:07:37,"周星驰, 元秋, 元华, 黄圣依, 梁小龙, 陈国坤, 田启文, 林子聪, 林雪, 冯克安, 释彦能, 冯小刚, 袁祥仁, 张一白, 赵志凌, 董志华, 何文辉, 陈凯师, 贾康熙, 林子善, 任珈锐, 王仕颖","动作, 喜剧, 犯罪, 奇幻","中国大陆, 中国香港"
72,72,哈利·波特与阿兹卡班的囚徒,9.0,886069,不一样的导演，不一样的哈利·波特。,https://movie.douban.com/subject/1291544/,阿方索·卡隆 Alfonso Cuarón,2004,2026-03-12 18:07:37,"丹尼尔·雷德克里夫, 艾玛·沃森, 鲁伯特·格林特, 加里·奥德曼, 朱丽·沃特斯, 邦妮·怀特, 大卫·休里斯, 迈克尔·刚本, 艾伦·瑞克曼, 玛吉·史密斯, 汤姆·费尔顿, 艾玛·汤普森, 朱莉·克里斯蒂, 蒂莫西·斯波","奇幻, 冒险","英国, 美国"
73,73,西西里的美丽传说,8.9,1089020,,https://movie.douban.com/subject/1292402/,朱塞佩·托纳多雷 Giuseppe Tornatore,2000,2026-03-12 18:07:37,"莫妮卡·贝鲁奇, 朱塞佩·苏尔法罗, 玛蒂尔德·皮亚纳, 埃丽萨·莫鲁奇","剧情, 战争, 情色","意大利, 美国"
74,74,阿凡达,8.8,1580018,绝对意义上的美轮美奂。,https://movie.douban.com/subject/1652587/,詹姆斯·卡梅隆 James Cameron,2009,2026-03-12 18:07:37,"萨姆·沃辛顿, 佐伊·索尔达娜, 西格妮·韦弗, 史蒂芬·朗, 米歇尔·罗德里格兹, 吉奥瓦尼·瑞比西, 乔·大卫·摩尔, 希·庞德, 韦斯·斯塔迪, 拉兹·阿隆索, 迪利普·劳, 马特·杰拉德, 肖恩·安东尼·莫兰, 杰森·怀特, 斯科特·劳伦斯, 凯利·基尔戈, 詹姆斯·皮特, 肖恩·帕特里克·墨菲, 彼得·狄龙, 凯文·多曼, 凯尔森·亨德森, 大卫·范·霍恩, 雅克布·托毛里, 朱琳·雷妮, 卢克·霍克, 伍迪·舒尔茨, 彼得·门萨, 伊拉姆·崔, 黛布拉·威尔逊, 克里斯·马拉, 马修·钱伯伦, 詹姆斯·盖林, 拉斯科·阿特金斯, 乔恩·本宗, 罗恩·贝特曼, 罗伯特·卡托, 罗德尼·库克, 妮可·狄恩, 安东尼·英格鲁伯, 蒂姆·卡诺, 卡米尔·基南, 迪恩·诺斯利, 艾玛·洛","动作, 科幻, 冒险",美国
75,75,看不见的客人,8.8,1434131,你以为你以为的就是你以为的。,https://movie.douban.com/subject/26580232/,奥里奥尔·保罗 Oriol Paulo,2016,2026-03-12 18:07:37,"马里奥·卡萨斯, 阿娜·瓦格纳, 何塞·科罗纳多, 巴巴拉·莱涅, 弗兰塞斯克·奥雷利亚, 帕科·图斯, 大卫·塞尔瓦斯, 伊尼戈·加斯特西, 圣·耶拉莫斯, 马内尔·杜维索, 布兰卡·马丁内斯, 佩雷·布拉索, 霍尔迪·布鲁内特, 鲍比·冈萨雷斯, 玛蒂娜·乌尔塔多","剧情, 犯罪, 悬疑, 惊悚",西班牙
76,76,拯救大兵瑞恩,9.1,721764,,https://movie.douban.com/subject/1292849/,史蒂文·斯皮尔伯格 Steven Spielberg,1998,2026-03-12 18:07:37,"汤姆·汉克斯, 汤姆·塞兹摩尔, 爱德华·伯恩斯, 巴里·佩珀, 亚当·戈德堡, 范·迪塞尔, 吉奥瓦尼·瑞比西, 杰瑞米·戴维斯, 马特·达蒙, 特德·丹森, 保罗·吉亚玛提, 丹尼斯·法里纳, 马克斯·马蒂尼, 丹兰·布鲁诺, 丹尼尔·切尔奎拉, 迪米特里·格里特萨斯, 史蒂夫·格里芬, 彼得·迈尔斯, 亚当·肖, 罗尔夫·萨克森, 克里·约翰逊, 洛克兰·艾肯, 尚恩·约翰逊, 莱尔德·曼辛托斯, 安德鲁·斯科特, 马修·夏普, 文森特·沃尔什, 约翰·沙拉恩, 马丁·哈伯, 罗非洛·迪格托勒, 恩里奇·雷德曼, 米歇尔·埃文斯, 内森·菲利安, 利兰·奥瑟, 大卫·维格, 瑞恩·赫斯特, 哈威·普雷斯内尔, 代尔·戴, 布莱恩·克兰斯顿, 大卫·沃尔, 埃里克·罗兰, 哈里逊·杨, 凯思琳·拜荣, 约翰·德·兰西, 詹姆斯·恩布里, 德里克·李, 若昂·科斯塔·梅内塞斯, 马克·施泰因迈尔","剧情, 战争",美国
77,77,沉默的羔羊,8.9,1011538,,https://movie.douban.com/subject/1293544/,乔纳森·戴米 Jonathan Demme,1991,2026-03-12 18:07:37,"朱迪·福斯特, 安东尼·霍普金斯, 斯科特·格伦, 安东尼·希尔德, 布鲁克·史密斯, 卡斯·莱蒙斯, 弗兰基·费森, 泰德·拉文, 崔西·沃特, 丹·巴特勒, 达拉","剧情, 犯罪, 惊悚",美国
78,78,小鞋子,9.2,462371,,https://movie.douban.com/subject/1303021/,马基德·马基迪 Majid Majidi,1997,2026-03-12 18:07:37,"默罕默德·阿米尔·纳吉, 阿米尔·法拉赫·哈什米安, 巴哈丽·西迪奇, 纳菲丝·贾法, 费雷什特·萨拉班迪, 克里斯托弗·马利基","剧情, 儿童, 家庭",伊朗
79,79,布达佩斯大饭店,8.9,1080347,小清新的故事里注入了大历史的情怀。,https://movie.douban.com/subject/11525673/,韦斯·安德森 Wes Anderson,2014,2026-03-12 18:07:37,"拉尔夫·费因斯, 托尼·雷沃罗利, 阿德里安·布罗迪, 威廉·达福, 裘德·洛, 爱德华·诺顿, 西尔莎·罗南, 蒂尔达·斯文顿, 比尔·默瑞, 蕾雅·赛杜, 欧文·威尔逊, 詹森·舒瓦兹曼, 马修·阿马立克, 默里·亚伯拉罕, 汤姆·威尔金森, 杰夫·高布伦, 哈威·凯特尔","剧情, 喜剧, 冒险","美国, 德国, 英国"
80,80,蝴蝶效应,8.9,1063189,人的命运被自己瞬间的抉择改变。,https://movie.douban.com/subject/1292343/,埃里克·布雷斯 Eric Bress / J·麦基·格鲁伯 J. Mackye Gruber   主,2004,2026-03-12 18:07:37,"阿什顿·库彻, 梅洛拉·沃尔特斯, 艾米·斯马特, 埃尔登·亨森, 威廉姆·李·斯科特, 约翰·帕特里克·阿梅多利, 艾琳·戈洛瓦娅, 凯文, 杰西·詹姆斯, 罗根·勒曼, 莎拉·威多斯, 杰克·凯斯, 卡梅隆·布莱特, 埃里克·斯托尔兹, 考乐姆·吉斯·雷尼, 凯文·杜兰","剧情, 悬疑, 科幻, 惊悚","美国, 加拿大"
81,81,飞越疯人院,9.1,601453,,https://movie.douban.com/subject/1292224/,米洛斯·福尔曼 Miloš Forman,1975,2026-03-12 18:07:37,"杰克·尼科尔森, 路易丝·弗莱彻, 威廉·雷德菲尔德, 克里斯托弗·洛伊德, 威尔·萨姆森, 特德·马克兰德, 布拉德·道里夫, 斯加特曼·克罗索斯, 迈克尔·贝里曼, 彼得·布罗科, 穆瓦科·卡姆布卡, 威廉·达尔, 乔西普·艾利克, 西德尼·拉斯克, 凯·李, 德怀特·马费尔德, 路易莎·莫里茨, 丹尼·德维托, 菲利普·罗斯, 米米·萨奇席恩, 文森特·斯卡维利, 米斯·斯马尔, 德罗斯",剧情,美国
82,82,禁闭岛,8.9,1107841,昔日翩翩少年，今日大腹便便。,https://movie.douban.com/subject/2334904/,Martin Scorsese,2010,2026-03-12 18:07:37,"莱昂纳多·迪卡普里奥, 马克·鲁法洛, 本·金斯利, 马克斯·冯·叙多夫, 米歇尔·威廉姆斯, 艾米莉·莫迪默, 派翠西娅·克拉克森, 杰基·厄尔·哈利, 泰德·拉文, 约翰·卡洛·林奇, 伊莱亚斯·科泰斯, 罗宾·巴特利特, 克里斯托弗·邓汉, 约瑟夫·斯科拉","剧情, 悬疑, 惊悚",美国
83,83,还有明天,9.3,360966,,https://movie.douban.com/subject/36445098/,宝拉·柯特莱西 Paola Cortellesi,2023,2026-03-12 18:07:37,"宝拉·柯特莱西, 瓦莱里奥·马斯坦德雷亚, 罗马纳·马乔拉·韦尔加诺, 埃马努艾拉·法内利, 乔治·科兰杰利, 维尼乔·马尔基奥尼, 弗朗切斯科·琴托拉梅, 雷法莱·维诺利, 保拉·蒂齐亚娜·克鲁恰尼, 尤夫·约瑟夫, 阿莱西娅·巴雷拉, 费德里科·托奇, 普里西拉·米科尔·马里诺, 玛丽亚·基娅拉·奥尔蒂, 西尔维亚·萨尔瓦托雷, 马提亚·巴尔多, 詹马尔科·菲利皮尼, 芭芭拉·基耶萨, 加布里埃拉·保罗卡, 阿尔曼多·德·拉扎","剧情, 喜剧, 历史",意大利
84,84,心灵捕手,9.0,811860,,https://movie.douban.com/subject/1292656/,格斯·范·桑特 Gus Van Sant,1997,2026-03-12 18:07:37,"马特·达蒙, 罗宾·威廉姆斯, 本·阿弗莱克, 斯特兰·斯卡斯加德, 明妮·德里弗, 卡西·阿弗莱克, 科尔·豪瑟, 约翰·迈顿, 丹·华盛顿, 艾莉森·福兰德, 维克·萨海, 史蒂文·科兹洛夫斯基, 斯科特·威廉姆·文特斯, 吉米·弗林, 乔治·普林普顿, 弗朗切斯科·克莱门特",剧情,美国
85,85,致命魔术,8.9,960825,孪生蝙蝠侠大战克隆金刚狼。,https://movie.douban.com/subject/1780330/,克里斯托弗·诺兰 Christopher Nolan,2006,2026-03-12 18:07:37,"休·杰克曼, 克里斯蒂安·贝尔, 迈克尔·凯恩, 丽贝卡·豪尔, 斯嘉丽·约翰逊, 大卫·鲍伊, 安迪·瑟金斯, 派珀·佩拉博, 萨曼塔·马霍林, 丹尼尔·戴维斯, 吉姆·皮多克, 克里斯托弗·尼姆, 马克·瑞安, 罗杰·里斯, 杰米·哈里斯, 罗恩·帕金斯, 瑞奇·杰, 安东尼·德·马克, 冀朝理","剧情, 悬疑, 惊悚","英国, 美国"
86,86,低俗小说,8.9,955136,,https://movie.douban.com/subject/1291832/,昆汀·塔伦蒂诺 Quentin Tarantino,1994,2026-03-12 18:07:37,"约翰·特拉沃尔塔, 乌玛·瑟曼, 阿曼达·普拉莫, 蒂姆·罗斯, 塞缪尔·杰克逊, 菲尔·拉马, 布鲁斯·威利斯, 弗兰克·威利, 布尔·斯蒂尔斯, 文·瑞姆斯, 劳拉·拉芙蕾丝, 保罗·卡尔德龙, 布罗娜·加拉赫, 罗姗娜·阿奎特, 埃里克·斯托尔兹, 玛丽亚·德·梅黛洛","剧情, 喜剧, 犯罪",美国
87,87,超脱,9.0,719589,穷尽一生，我们要学会的，不过是彼此拥抱。,https://movie.douban.com/subject/5322596/,托尼·凯耶 Tony Kaye,2011,2026-03-12 18:07:37,"阿德里安·布罗迪, 马西娅·盖伊·哈登, 詹姆斯·肯恩, 克里斯蒂娜·亨德里克斯, 刘玉玲, 布莱思·丹纳, 蒂姆·布雷克·尼尔森, 威廉·彼德森, 布莱恩·克兰斯顿, 萨米·盖尔, 路易斯·佐里奇, 小伊塞亚·维特洛克, 大卫·豪森, 约翰·塞纳迭姆博, 西莉亚·奥, 罗南·鲁宾斯坦, 阿尔·卡尔德隆, 布雷南·布朗, 里根·利奥纳德, 詹姆斯·霍西, 乔什·帕斯, 瑞内·菲利斯·史密斯, 道格·伊·道格, 帕特里夏·雷, 萨曼萨·罗根, 拉尔夫·罗德里格斯",剧情,美国
88,88,哈利·波特与密室,8.9,912253,,https://movie.douban.com/subject/1296996/,Chris Columbus,2002,2026-03-12 18:07:37,"丹尼尔·雷德克里夫, 艾玛·沃森, 鲁伯特·格林特, 汤姆·费尔顿, 理查德·格雷弗斯, 费奥纳·肖, 托比·琼斯, 朱丽·沃特斯, 邦妮·怀特, 詹森·艾萨克, 肯尼思·布拉纳, 艾伦·瑞克曼, 理查德·哈里斯, 玛吉·史密斯, 约翰·克里斯, 肖恩·比格斯代夫, 克里斯·兰金, 克里斯蒂安·库尔森","奇幻, 冒险","英国, 美国"
89,89,一一,9.1,505279,,https://movie.douban.com/subject/1292434/,杨德昌 Edward Yang,2000,2026-03-12 18:07:37,"吴念真, 李凯莉, 金燕玲, 张洋洋, 萧淑慎, 尾形一成, 陈希圣, 林孟瑾, 陈以文, 柯宇纶, 张育邦, 柯素云, 唐如韫, 徐淑媛, 曾心怡, 陶传正","剧情, 爱情, 家庭","中国台湾, 日本"
90,90,喜剧之王,8.8,1090609,,https://movie.douban.com/subject/1302425/,周星驰 Stephen Chow / 李力持 Lik-Chi Lee,1999,2026-03-12 18:07:37,"周星驰, 张柏芝, 莫文蔚, 吴孟达, 林子善, 田启文, 李兆基, 成龙, 李思捷, 郑文辉","喜剧, 剧情, 爱情",中国香港
91,91,摩登时代,9.3,345376,,https://movie.douban.com/subject/1294371/,查理·卓别林 Charles Chaplin,1936,2026-03-12 18:07:37,"查理·卓别林, 宝莲·高黛, 亨利·伯格曼, 蒂尼·桑福德, 切斯特·康克林, 汉克·曼, 斯坦利·布莱斯通, 阿尔·欧内斯特·加西亚, 理查德·亚历山大, 塞西尔·雷诺兹, 米拉·麦金尼, 默多克·麦夸里, 威尔弗雷德·卢卡斯, 爱德华·勒桑, 弗雷德·马拉泰斯塔, 萨米·斯坦, 特德·奥利弗, 诺曼·安斯利, 博比·巴伯, 海尼·康克林, 格洛丽亚·德黑文, 帕特·弗莱厄蒂, 弗兰克·哈格尼, 帕特·哈蒙, 劳埃德·英格拉哈姆, 沃尔特·詹姆斯, 爱德华·金博尔, 杰克·洛, 巴迪·梅辛杰, 布鲁斯·米切尔, 弗兰克·莫兰, 詹姆斯, 路易·纳托, 拉斯·鲍威尔, 约翰·兰德, 哈里·威尔逊","剧情, 喜剧, 爱情",美国
92,92,杀人回忆,8.9,833226,,https://movie.douban.com/subject/1300299/,奉俊昊 Joon-ho Bong,2003,2026-03-12 18:07:37,"宋康昊, 金相庆, 金雷夏, 宋在浩, 边希峰, 高瑞熙, 柳泰浩, 朴努植, 朴海日, 全美善, 徐永嬅, 崔钟律, 柳承穆, 申贤宗, 李在应, 郑仁仙, 吴龙, 朴镇宇, 朴泰京, 沈成宝","剧情, 动作, 犯罪, 悬疑, 惊悚",韩国
93,93,致命ID,8.9,943838,,https://movie.douban.com/subject/1297192/,詹姆斯·曼高德 James Mangold,2003,2026-03-12 18:07:37,"约翰·库萨克, 雷·利奥塔, 阿曼达·皮特, 约翰·浩克斯, 阿尔弗雷德·莫里纳, 克里·杜瓦尔, 约翰, 威廉姆·李·斯科特, 杰克·布塞, 普路特·泰勒·文斯, 瑞贝卡·德·莫妮, 卡门·阿尔根齐亚诺, 马绍尔·贝尔, 莱拉·肯泽尔, 马特·莱斯切尔, 布莱特·罗尔, 霍尔姆斯·奥斯本, 弗雷德里克·科芬, 乔·哈特, 迈克尔·赫希, 泰伦斯·伯尼·海恩斯","剧情, 悬疑, 惊悚",美国
94,94,春光乍泄,9.0,707338,,https://movie.douban.com/subject/1292679/,王家卫 Kar Wai Wong,1997,2026-03-12 18:07:37,"张国荣, 梁朝伟, 张震, 格利高里·戴顿","剧情, 爱情, 同性","中国香港, 日本, 韩国"
95,95,加勒比海盗,8.8,964977,,https://movie.douban.com/subject/1298070/,戈尔·维宾斯基 Gore Verbinski,2003,2026-03-12 18:07:37,"约翰尼·德普, 杰弗里·拉什, 奥兰多·布鲁姆, 凯拉·奈特莉, 杰克·达文波特, 乔纳森·普雷斯","动作, 冒险, 奇幻",美国
96,96,海豚湾,9.3,381669,海豚的微笑，是世界上最高明的伪装。,https://movie.douban.com/subject/3442220/,路易·西霍尤斯 Louie Psihoyos,2009,2026-03-12 18:07:37,"路易·西霍尤斯, 瑞克·欧贝瑞, 哈迪·琼斯, 保罗·沃森, 森下丈二, 罗杰, 迈克尔·伊利夫, 伊恩·坎贝尔, 道格·德马斯特, 戴夫·拉斯托维奇, 查尔斯·汉柏顿, 桜井速人, 曼迪, 柯克·克雷克, 约翰·波特, 汉娜·墨尔买德, 杰夫·潘图克霍夫, 伊莎贝尔·卢卡斯, 海顿·潘妮蒂尔",纪录片,美国
97,97,美国往事,9.1,469917,,https://movie.douban.com/subject/1292262/,赛尔乔·莱翁内 Sergio Leone,1984,2026-03-12 18:07:37,"罗伯特·德尼罗, 詹姆斯·伍兹, 伊丽莎白·麦戈文, 乔·佩西, 伯特·杨, 塔斯黛·韦尔德, 特里特·威廉斯, 丹尼·爱罗, 理查德·布赖特, 詹姆斯·海登, 威廉·弗西斯, 达兰妮·弗鲁格, 拉里·拉普, 理查德·弗让吉, 罗伯特·哈珀, 詹妮弗·康纳利","犯罪, 剧情","美国, 意大利"
98,98,红辣椒,9.0,566982,梦的勾结。,https://movie.douban.com/subject/1865703/,今敏 Satoshi Kon,2006,2026-03-12 18:07:37,"林原惠美, 江守彻, 堀胜之祐, 古谷彻, 大塚明夫, 山寺宏一, 田中秀幸, 兴梠里美, 岩田光央, 爱河里花子, 川濑晶子, 太田真一郎, 福松进纱, 胜杏里, 宫下荣治, 三户耕三, 今敏, 筒井康隆","动画, 悬疑, 科幻, 惊悚",日本
99,99,七宗罪,8.8,1057896,,https://movie.douban.com/subject/1292223/,大卫·芬奇 David Fincher,1995,2026-03-12 18:07:37,"摩根·弗里曼, 布拉德·皮特, 凯文·史派西, 格温妮斯·帕特洛, 安德鲁·凯文·沃克, 约翰·卡西尼, 雷格, 李·厄米","剧情, 犯罪, 悬疑, 惊悚",美国
100,100,唐伯虎点秋香,8.8,1220495,,https://movie.douban.com/subject/1306249/,李力持 Lik-Chi Lee,1993,2026-03-12 18:07:37,"周星驰, 巩俐, 陈百祥, 郑佩佩, 朱咪咪, 梁家仁, 苑琼丹, 梁荣忠, 黄一山, 黄霑, 吴镇宇, 刘家辉, 蓝洁瑛, 谷德昭, 陈辉虹, 李健仁, 宣萱, 温翠苹","喜剧, 爱情, 古装",中国香港
101,101,狩猎,9.1,468136,人言可畏。,https://movie.douban.com/subject/6985810/,托马斯·温特伯格 Thomas Vinterberg,2012,2026-03-12 18:07:37,"麦斯·米科尔森, 托玛斯·博·拉森, 安妮卡·韦德科普, 拉丝·弗格斯托姆, 苏西·沃德, 亚历山德拉·拉帕波特, 布贾内·亨里克森, 安妮·路易丝·哈辛, 拉斯·兰特",剧情,"丹麦, 瑞典"
102,102,幽灵公主,8.9,667130,,https://movie.douban.com/subject/1297359/,宫崎骏 Hayao Miyazaki,1997,2026-03-12 18:07:37,"松田洋治, 石田百合子, 田中裕子, 小林薰, 西村雅彦, 上条恒彦, 岛本须美, 渡边哲, 佐藤允, 名古屋章, 美轮明宏, 森光子, 森繁久弥","动画, 奇幻, 冒险",日本
103,103,甜蜜蜜,8.9,670114,,https://movie.douban.com/subject/1305164/,陈可辛 Peter Chan,1996,2026-03-12 18:07:37,"黎明, 张曼玉, 杨恭如, 曾志伟, 杜可风, 张同祖, 诸慧荷, 丁羽","剧情, 爱情",中国香港
104,104,寄生虫,8.8,1543315,,https://movie.douban.com/subject/27010768/,奉俊昊 Joon-ho Bong,2019,2026-03-12 18:07:37,"宋康昊, 李善均, 赵汝贞, 崔宇植, 朴素丹, 李姃垠, 张慧珍, 郑知晓, 朴明勋, 朴叙俊, 朴根禄, 郑贤俊, 朴孝新, 安德烈亚斯·弗龙克",剧情,韩国
105,105,蝙蝠侠：黑暗骑士崛起,8.9,811916,诺兰就是保证。,https://movie.douban.com/subject/3395373/,克里斯托弗·诺兰 Christopher Nolan,2012,2026-03-12 18:07:37,"克里斯蒂安·贝尔, 汤姆·哈迪, 安妮·海瑟薇, 约瑟夫·高登, 玛丽昂·歌迪亚, 加里·奥德曼, 迈克尔·凯恩, 摩根·弗里曼, 朱诺·坦普尔, 乔什·平茨, 丹尼尔·逊亚塔, 内斯特·卡博内尔, 伯恩·戈曼, 连姆·尼森, 乔伊·金, 艾丹·吉伦, 基里安·墨菲, 乔什·斯图沃特, 马修·莫迪恩, 本·门德尔森","剧情, 动作, 科幻, 犯罪, 惊悚","美国, 英国"
106,106,天书奇谭,9.2,333191,,https://movie.douban.com/subject/1428581/,王树忱 Shuchen Wang / 钱运达 Yunda Qian,1983,2026-03-12 18:07:37,"丁建华, 毕克, 苏秀, 程晓桦, 施融, 于鼎, 杨成纯, 孙渝烽, 胡庆汉, 尚华, 刘广宁, 乔榛, 严崇德, 伍经纬, 童自荣, 程玉珠, 曹雷, 王建新, 杨文元, 富润生, 刘钦, 刘风, 翟巍, 张欣, 郭易峰, 王肖兵","动画, 奇幻",中国大陆
107,107,7号房的礼物,8.9,620376,《我是山姆》的《美丽人生》。,https://movie.douban.com/subject/10777687/,李焕庆 Hwan-kyeong Lee,2013,2026-03-12 18:07:37,"柳承龙, 朴信惠, 郑镇荣, 金正泰, 吴达洙, 朴元尚, 郑满植, 葛素媛","剧情, 喜剧, 家庭",韩国
108,108,超能陆战队,8.8,1141777,Balalala~~~,https://movie.douban.com/subject/11026735/,唐·霍尔 Don Hall / 克里斯·威廉姆斯 Chris Williams,2014,2026-03-12 18:07:37,"斯科特·安第斯, 瑞恩·波特, 丹尼尔·海尼, 郑智麟, 小达蒙·韦恩斯, 珍尼希斯·罗德里格兹, 詹姆斯·克伦威尔, 艾伦·图代克, 玛娅·鲁道夫, 亚布拉哈姆·本鲁比, 凯蒂·洛斯, 比利·布什, 丹尼尔·吉尔森, 保罗·布里格斯","喜剧, 动作, 科幻, 动画, 冒险",美国
109,109,第六感,8.9,634763,,https://movie.douban.com/subject/1297630/,M·奈特·沙马兰 M. Night Shyamalan,1999,2026-03-12 18:07:37,"布鲁斯·威利斯, 海利·乔·奥斯蒙, 托妮·科莱特, 奥莉维亚·威廉姆斯, 唐尼·沃尔伯格, 特拉沃·摩根, 彼得·安东尼·唐伯蒂斯, 格伦·菲茨杰拉德, 米莎·巴顿, 法尔德斯·巴姆, 杰弗里·泽布尼斯","剧情, 悬疑, 惊悚",美国
110,110,爱在黎明破晓前,8.8,797532,,https://movie.douban.com/subject/1296339/,理查德·林克莱特 Richard Linklater,1995,2026-03-12 18:07:37,"伊桑·霍克, 朱莉·德尔佩, 安德莉亚·埃克特, 汉诺·波西尔, 卡尔·布拉克施魏格尔, 特克斯·鲁比诺威茨, 埃尔尼·曼戈尔德, 多米尼克·卡斯特尔, 海蒙·玛丽亚·巴汀格, 哈拉尔德·魏格莱因, 汉斯·魏因加特纳, 彼得·艾利·休默, 休伯特·法比安·库尔特勒, 约翰·斯洛斯, 克里斯蒂安·安科维奇, 亚当·戈德堡, 保罗·波伊特","剧情, 爱情","美国, 奥地利, 瑞士"
111,111,茶馆,9.5,207096,,https://movie.douban.com/subject/1461403/,谢添 Tian Xie,1982,2026-03-12 18:07:37,"于是之, 郑榕, 蓝天野, 英若诚, 黄宗洛, 童超, 金昭, 林连昆, 牛星丽, 谭宗尧, 童弟, 吴淑昆, 胡宗温, 程中, 李大千, 李源, 李翔, 张瞳, 任宝贤, 尚丽娟, 米铁增, 田春奎, 冯增祥, 雷飞, 林东升, 孟瑾, 孙峻峰, 平原, 曹世骧, 王大年, 王淑华, 张华, 丁海涛, 朱旭, 孙敬修, 曹孟浪, 何康理","剧情, 历史",中国大陆
112,112,爱在日落黄昏时,8.9,651205,九年后的重逢是世俗和责任的交叠，没了悸动和青涩，沧桑而温暖。,https://movie.douban.com/subject/1291990/,理查德·林克莱特 Richard Linklater,2004,2026-03-12 18:07:37,"伊桑·霍克, 朱莉·德尔佩, 弗农·多布切夫, 路易丝·勒莫瓦纳·托雷斯, 罗多尔·保利, 玛丽安·普莱施泰格, 迪亚博洛, 丹尼·弗拉, 艾伯特·德尔佩, 玛丽·佩里","剧情, 爱情","美国, 法国"
113,113,被嫌弃的松子的一生,8.8,773558,以戏谑来戏谑戏谑。,https://movie.douban.com/subject/1787291/,中岛哲也 Tetsuya Nakashima,2006,2026-03-12 18:07:37,"中谷美纪, 永山瑛太, 香川照之, 市川实日子, 伊势谷友介, 柄本明, 黑泽明日香, 荒川良良, 柴崎幸, 土屋安娜, 奥之矢佳奈, 谷原章介, 武田真治, 片平渚, 宫藤官九郎, 角野卓造, 田中要次, 木村凯拉, 谷中敦, 剧团一人","剧情, 歌舞",日本
114,114,哈利·波特与火焰杯,8.8,798804,,https://movie.douban.com/subject/1309055/,迈克·内威尔 Mike Newell,2005,2026-03-12 18:07:37,"丹尼尔·雷德克里夫, 艾玛·沃森, 鲁伯特·格林特, 迈克尔·刚本, 玛吉·史密斯, 汤姆·费尔顿, 蒂莫西·斯波, 罗伯特·帕丁森, 梁佩诗, 大卫·田纳特, 马克·威廉姆斯, 埃里克·赛克斯, 詹姆斯·菲尔普斯, 奥利弗·菲尔普斯, 邦妮·怀特, 克蕾曼丝·波西, 加里·奥德曼, 杰夫·劳勒, 詹森·艾萨克, 斯坦尼斯拉夫·雅涅夫斯基, 罗伯特·哈迪, 阿什莉·阿尔图斯, 亚历克斯·帕尔墨, 罗格·洛伊德, 希拉·艾伦, 苏·艾略特, 大卫·斯特恩, 玛格里·梅森, 马修·刘易斯, 罗彼·考特拉尼, 威廉姆·麦灵, 大卫·布拉德利, 戴文·穆雷, 艾芙珊·阿扎德, 沃里克·戴维斯, 弗朗西斯·德·拉·图瓦, 谢发丽·裘德胡里, 安吉拉珂·曼蒂, 艾伦·瑞克曼, 普雷德拉格·别拉茨, 托尔加·塞弗尔, 布莱丹·格里森, 阿尔弗雷德·伊诺奇, 路易·多伊尔, 杰米·威莱特, 乔什·赫德曼, 夏洛特·斯凯奇, 米兰达·理查森, 罗伯","悬疑, 奇幻, 冒险","英国, 美国"
115,115,头脑特工队,8.8,802662,愿我们都不用长大，每一座城堡都能永远存在。,https://movie.douban.com/subject/10533913/,彼特·道格特 Pete Docter / 罗纳尔多·德尔·卡门 Ronaldo Del Carmen  &nb,2015,2026-03-12 18:07:37,"艾米·波勒, 菲利丝·史密斯, 理查德·坎德, 比尔·哈德尔, 刘易斯·布莱克, 敏迪·卡灵, 凯特林·迪亚斯, 戴安·琳恩, 凯尔·麦克拉克伦, 波拉·庞德斯通, 鲍比·莫尼汉, 保拉·佩尔, 大卫·戈尔兹, 弗兰克·奥兹, 乔什·库雷, 弗利, 约翰·拉森贝格, 卡洛斯·阿拉斯拉奇, 皮特·萨加尔, 拉什达·琼斯, 罗里·艾伦, 约翰·齐甘, 雪莉·琳恩, 拉瑞恩·纽曼, 帕丽斯·冯·戴克","喜剧, 动画, 冒险",美国
116,116,未麻的部屋,9.1,423575,,https://movie.douban.com/subject/1395091/,今敏 Satoshi Kon,1997,2026-03-12 18:07:37,"岩男润子, 松本梨香, 辻亲八, 大仓正章, 秋元羊介, 盐屋翼, 堀秀行, 筱原惠美, 江原正士, 梁田清之, 古泽彻, 新山志保, 三木真一郎, 山野井仁, 田野惠, 长嶝高士, 陶山章央, 细井治","剧情, 犯罪, 动画, 悬疑, 惊悚",日本
117,117,重庆森林,8.8,920545,,https://movie.douban.com/subject/1291999/,王家卫 Kar Wai Wong,1994,2026-03-12 18:07:37,"林青霞, 金城武, 梁朝伟, 王菲, 周嘉玲","剧情, 爱情",中国香港
118,118,借东西的小人阿莉埃蒂,8.9,626249,曾经的那段美好会沉淀为一辈子的记忆。,https://movie.douban.com/subject/4202302/,米林宏昌 Hiromasa Yonebayashi,2010,2026-03-12 18:07:37,"志田未来, 神木隆之介, 树木希林, 三浦友和, 大竹忍, 竹下景子, 藤原龙也","动画, 奇幻, 冒险",日本
119,119,入殓师,8.9,741749,死可能是一道门，逝去并不是终结，而是超越，走向下一程。,https://movie.douban.com/subject/2149806/,泷田洋二郎 Yôjirô Takita,2008,2026-03-12 18:07:37,"本木雅弘, 广末凉子, 山崎努, 吉行和子, 笹野高史, 余贵美子",剧情,日本
120,120,菊次郎的夏天,8.9,672060,,https://movie.douban.com/subject/1293359/,北野武 Takeshi Kitano,1999,2026-03-12 18:07:37,"北野武, 关口雄介, 岸本加世子, 吉行和子, 细川典江, 大家由祐子, 磨赤儿, 铃木忠幸, 井手博士, 今村鼠, 兼子二郎, 田中要次, 小岛可奈子","剧情, 喜剧",日本
121,121,断背山,8.8,781065,每个人心中都有一座断背山。,https://movie.douban.com/subject/1418834/,李安 Ang Lee,2005,2026-03-12 18:07:37,"希斯·莱杰, 杰克·吉伦哈尔, 米歇尔·威廉姆斯, 安妮·海瑟薇, 凯特·玛拉, 兰迪·奎德, 琳达·卡德里尼, 安娜·法瑞丝, 格拉汉姆·贝克尔, 斯科特·迈克尔·坎贝尔, 大卫·哈伯, 罗伯塔·马克斯韦尔, 皮特·麦克罗比, 夏恩·希尔, 布鲁克琳·普劳克斯, 杰克·丘奇","剧情, 爱情, 同性, 家庭","美国, 加拿大"
122,122,剪刀手爱德华,8.7,1118778,,https://movie.douban.com/subject/1292370/,蒂姆·波顿 Tim Burton,1990,2026-03-12 18:07:37,"约翰尼·德普, 薇诺娜·瑞德, 黛安·韦斯特, 安东尼·迈克尔·豪尔, 凯西·贝克, 罗伯特·奥利维里, 康查塔·费雷尔, 卡罗琳·阿隆, 迪克·安东尼·威廉姆斯, 澳澜·琼斯, 文森特·普莱斯, 艾伦·阿金, 苏珊·布洛马特, 琳达·佩里, 约翰·戴维森, 比夫·耶格尔, 玛蒂·格林伯格, 布莱恩·拉肯, 约翰·麦克马洪, 维多利亚·普莱斯","剧情, 爱情, 奇幻",美国
123,123,勇敢的心,8.9,604658,,https://movie.douban.com/subject/1294639/,梅尔·吉布森 Mel Gibson,1995,2026-03-12 18:07:37,"梅尔·吉布森, 苏菲·玛索, 布莱恩·考克斯, 詹姆斯·科兹莫, 辛·劳洛, 凯瑟琳·麦克马克, 安古斯·麦克菲登","动作, 传记, 剧情, 历史, 战争",美国
124,124,时空恋旅人,8.8,790212,把每天当作最后一天般珍惜度过，积极拥抱生活，就是幸福。,https://movie.douban.com/subject/10577869/,理查德·柯蒂斯 Richard Curtis,2013,2026-03-12 18:07:37,"多姆纳尔·格里森, 瑞秋·麦克亚当斯, 比尔·奈伊, 莉迪亚·威尔逊, 琳赛·邓肯, 理查德·科德里, 约书亚·麦圭尔, 汤姆·霍兰德尔, 玛格特·罗比, 威尔·梅瑞克, 凡妮莎·柯比, 汤姆·休斯, 哈利·海顿, 米切尔·马伦, 丽莎·艾科恩, 珍妮·莱恩斯福德, 菲利普, 凯瑟琳·斯戴曼, 汤姆·斯托顿, 安部春香, 李·阿斯奎斯, 理查德·班克斯, 保罗·布莱克维尔, 贝恩·科拉科, 格拉姆·柯里, 罗薇娜·戴蒙德, 约翰·达根, 迪诺·法赞尼, 内芙·加切夫, 理查德, 理查德·格雷弗斯, 李·尼古拉斯·哈里斯, 理查德·赫德曼, 李仙湖, 马修, 马汀·麦格, 艾莉克丝·摩尔","喜剧, 爱情, 奇幻","英国, 美国"
125,125,驯龙高手,8.8,862845,和谐的生活离不开摸头与被摸头。,https://movie.douban.com/subject/2353023/,迪恩·德布洛斯 Dean DeBlois / 克里斯·桑德斯 Chris Sanders,2010,2026-03-12 18:07:37,"杰伊·巴鲁切尔, 杰拉德·巴特勒, 克雷格·费格森, 亚美莉卡·费雷拉, 乔纳·希尔, 克里斯托夫·梅兹, 克里斯汀·韦格, 罗宾·阿特金·唐斯, 菲利普·麦格雷德, 基隆·埃利奥特, 阿什利·詹森, 大卫·田纳特","动画, 奇幻, 冒险",美国
126,126,消失的爱人,8.7,1070695,年度最佳date movie。,https://movie.douban.com/subject/21318488/,大卫·芬奇 David Fincher,2014,2026-03-12 18:07:37,"本·阿弗莱克, 裴淳华, 尼尔·帕特里克·哈里斯, 凯莉·库恩, 泰勒·派瑞, 金·迪肯斯, 米西·派勒, 波伊德·霍布鲁克, 艾米丽·拉塔科斯基, 雪拉·渥德, 派屈克·福吉特, 斯科特·麦克纳里, 凯西·威尔逊, 李·诺里斯","剧情, 犯罪, 悬疑, 惊悚",美国
127,127,无人知晓,9.1,371374,我的平常生活就是他人的幸福。,https://movie.douban.com/subject/1292337/,是枝裕和 Hirokazu Koreeda,2004,2026-03-12 18:07:37,"柳乐优弥, 北浦爱, 木村飞影, 清水萌萌子, 韩英惠, 江原由希子, 串田和美, 冈元夕纪子, 楯隆子, 加濑亮, 村野友希, 田中庆太, 木村佑一, 远藤宪一, 寺岛进, 平泉成",剧情,日本
128,128,倩女幽魂,8.8,834234,,https://movie.douban.com/subject/1297447/,程小东 Siu-Tung Ching,1987,2026-03-12 18:07:37,"张国荣, 王祖贤, 午马, 刘兆铭, 林威, 薛芷伦, 王晶, 胡大为","爱情, 奇幻, 武侠, 古装",中国香港
129,129,傲慢与偏见,8.7,930470,爱是摈弃傲慢与偏见之后的曙光。,https://movie.douban.com/subject/1418200/,乔·怀特 Joe Wright,2005,2026-03-12 18:07:37,"凯拉·奈特莉, 马修·麦克费登, 唐纳德·萨瑟兰, 布兰达·布莱斯, 凯瑞·穆里根, 裴淳华, 吉娜·马隆, 妲露拉·莱莉, 朱迪·丹奇, 西蒙·伍兹, 克劳迪·布莱克利, 汤姆·霍兰德尔, 鲁伯特·弗兰德, 凯利·蕾莉, 皮普·托伦斯, 西妮德·马修斯, 佩内洛普·威尔顿, 塔姆金·莫钦特","剧情, 爱情","法国, 英国, 美国"
130,130,花样年华,8.8,802605,,https://movie.douban.com/subject/1291557/,王家卫 Kar Wai Wong,2000,2026-03-12 18:07:37,"张曼玉, 梁朝伟, 潘迪华, 雷震, 萧炳林, 陈万雷, 张同祖, 钱似莺, 顾锦华, 张耀扬, 孙佳君","剧情, 爱情",中国香港
131,131,新世界,8.9,525834,要做就做得狠一点，这样才能活下去。,https://movie.douban.com/subject/10437779/,朴勋政 Hoon-jung Park,2013,2026-03-12 18:07:37,"李政宰, 崔岷植, 黄政民, 宋智孝, 朴成雄, 金秉玉, 金胤成","剧情, 犯罪",韩国
132,132,玩具总动员3,8.9,591166,跨度十五年的欢乐与泪水。,https://movie.douban.com/subject/1858711/,李·昂克里奇 Lee Unkrich,2010,2026-03-12 18:07:37,"汤姆·汉克斯, 蒂姆·艾伦, 琼·库萨克, 尼德·巴蒂, 唐·里克斯, 迈克尔·基顿","喜剧, 动画, 奇幻, 冒险",美国
133,133,完美的世界,9.1,359467,,https://movie.douban.com/subject/1300992/,克林特·伊斯特伍德 Clint Eastwood,1993,2026-03-12 18:07:37,"凯文·科斯特纳, 劳拉·邓恩, 克林特·伊斯特伍德, 基斯·斯扎拉巴基克","剧情, 犯罪",美国
134,134,一个叫欧维的男人决定去死,8.9,567360,惠及一生的美丽。,https://movie.douban.com/subject/26628357/,汉内斯·赫尔姆 Hannes Holm,2015,2026-03-12 18:07:37,"罗夫·拉斯加德, 巴哈·帕斯, 托比亚斯·阿姆博瑞, 菲利普·伯格, 安娜, 博瑞·伦贝里, 埃达·英格薇, 弗雷德里克·埃弗斯, 玛德琳·雅各布松, 查特里娜·拉松, 杰克尔·法尔斯特伦",剧情,瑞典
135,135,色，戒,8.7,958526,假戏真情，爱欲深海,https://movie.douban.com/subject/1828115/,李安 Ang Lee,2007,2026-03-12 18:07:37,"梁朝伟, 汤唯, 陈冲, 王力宏, 庹宗华, 朱芷莹, 高英轩, 柯宇纶, 阮德锵, 钱嘉乐, 苏岩, 何赛飞, 宋茹惠, 樊光耀, 卢燕, 刘洁, 余娅, 王琳, 王侃, 竹下明子, 阿努潘·凯尔","剧情, 爱情, 情色","中国台湾, 中国大陆, 美国, 中国香港"
136,136,阳光灿烂的日子,8.8,694427,,https://movie.douban.com/subject/1291875/,姜文 Wen Jiang,1994,2026-03-12 18:07:37,"夏雨, 宁静, 陶虹, 耿乐, 斯琴高娃, 冯小刚, 刘小宁, 姜文, 王学圻, 王朔, 尚楠, 方化, 代少波, 王海, 姚二嘎, 吴淑昆, 左小青, 韩冬, 孙靖, 刘斌, 张维, 杨彤林, 王福, 胡贝贝, 高保成, 吴淑琨, 张华, 二勇, 烈子, 陈伟","剧情, 爱情","中国大陆, 中国香港"
137,137,怪兽电力公司,8.8,768719,,https://movie.douban.com/subject/1291579/,彼特·道格特 Pete Docter / 大卫·斯沃曼 David Silverman,2001,2026-03-12 18:07:37,"约翰·古德曼, 比利·克里斯托, 玛丽·吉布斯, 史蒂夫·布西密, 詹姆斯·柯本, 詹妮弗·提莉, 鲍勃·彼德森, 约翰·拉森贝格, 弗兰克·奥兹, 丹尼尔·吉尔森, 邦妮·亨特, 杰克·安杰尔, 塞缪尔·洛德·布莱克, 史蒂夫·萨斯坎德","儿童, 喜剧, 动画, 奇幻, 冒险",美国
138,138,小森林 夏秋篇,9.0,472560,那些静得只能听见呼吸的日子里，你明白孤独即生活。,https://movie.douban.com/subject/25814705/,森淳一 Junichi Mori,2014,2026-03-12 18:07:37,"桥本爱, 三浦贵大, 松冈茉优, 温水洋一, 桐岛加恋",剧情,日本
139,139,天使爱美丽,8.7,1019819,,https://movie.douban.com/subject/1292215/,让-皮埃尔·热内 Jean-Pierre Jeunet,2001,2026-03-12 18:07:37,"奥黛丽·塔图, 马修·卡索维茨, 吕菲斯, 洛莱拉·克拉沃塔, 塞尔·梅林, 贾梅尔·杜布兹, 克洛蒂尔德·莫莱特, 克莱尔·莫里耶, 伊莎贝尔·南蒂, 多米尼克·皮侬, 阿尔蒂斯·德·彭居埃恩, 友兰达·梦露, 于尔班·康塞利埃, 莫里斯·贝尼舒, 米歇尔·罗班, 安德烈·达芒, 克洛德·佩隆, 阿尔梅尔, 迪基·奥尔加多, 凯文·迪亚士, 弗洛拉·吉耶, 阿莫里·巴博尔, 欧仁·贝蒂埃, 让·达里, 马克·阿米约","剧情, 喜剧, 爱情","法国, 德国"
140,140,教父3,9.0,431235,,https://movie.douban.com/subject/1294240/,弗朗西斯·福特·科波拉 Francis Ford Coppola,1990,2026-03-12 18:07:37,"阿尔·帕西诺, 黛安·基顿, 塔莉娅·夏尔, 安迪·加西亚, 伊莱·瓦拉赫, 乔·曼特纳, 乔治·汉密尔顿, 布里吉特·方达, 索菲亚·科波拉, 雷夫·瓦朗, 弗兰克·德安布罗西奥, 敦尔·当纳利, 理查德·布赖特, 赫尔穆特·贝格, 唐·诺韦洛","剧情, 犯罪",美国
141,141,侧耳倾听,8.9,519663,,https://movie.douban.com/subject/1297052/,近藤喜文 Yoshifumi Kondo,1995,2026-03-12 18:07:37,"本名阳子, 小林桂树, 高山南, 高桥一生, 山下容莉枝, 室井滋, 露口茂, 饭冢雅弓","剧情, 爱情, 动画",日本
142,142,哪吒闹海,9.2,307617,,https://movie.douban.com/subject/1307315/,王树忱 Shuchen Wang / 严定宪 Dingxian Yan,1979,2026-03-12 18:07:37,"梁正晖, 邱岳峰, 毕克, 富润生, 尚华, 于鼎","冒险, 动画, 奇幻",中国大陆
143,143,九品芝麻官,8.8,792242,,https://movie.douban.com/subject/1297518/,王晶 Jing Wong,1994,2026-03-12 18:07:37,"周星驰, 吴孟达, 张敏, 徐锦江, 钟丽缇, 蔡少芬, 吴启华, 邹兆龙, 梁荣忠, 黄一飞, 苑琼丹, 刘洵, 黄一山","剧情, 喜剧, 古装",中国香港
144,144,请以你的名字呼唤我,8.8,822305,沉醉在电影的情感和视听氛围中无法自拔。,https://movie.douban.com/subject/26799731/,卢卡·瓜达尼诺 Luca Guadagnino,2017,2026-03-12 18:07:37,"艾米·汉莫, 提莫西·查拉梅, 迈克尔·斯图巴, 阿蜜拉·卡萨, 艾斯特·加瑞尔, 维克图瓦尔·杜布瓦, 旺妲·卡布里奥罗, 安东尼奥·里莫尔迪, 埃琳娜·布奇, 马可·斯格罗索, 安德烈·艾席蒙, 彼得·斯皮尔斯","剧情, 爱情, 同性","意大利, 法国, 巴西, 美国"
145,145,被解救的姜戈,8.8,690605,热血沸腾，那个低俗、性感的无耻混蛋又来了。,https://movie.douban.com/subject/6307447/,昆汀·塔伦蒂诺 Quentin Tarantino,2012,2026-03-12 18:07:37,"杰米·福克斯, 莱昂纳多·迪卡普里奥, 克里斯托弗·瓦尔兹, 塞缪尔·杰克逊, 凯丽·华盛顿, 沃尔顿·戈金斯, 丹尼斯·克里斯托弗, 乔纳·希尔, 詹姆斯·瑞马尔, 爱波·塔布琳, 弗兰科·内罗, 罗伯特·卡拉丁, 佐伊·贝尔","剧情, 动作, 西部, 冒险",美国
146,146,幸福终点站,8.8,640782,有时候幸福需要等一等。,https://movie.douban.com/subject/1292274/,史蒂文·斯皮尔伯格 Steven Spielberg,2004,2026-03-12 18:07:37,"汤姆·汉克斯, 凯瑟琳·泽塔, 斯坦利·图齐, 齐·麦克布赖德, 迭戈·卢纳, 巴里·沙巴卡·亨利, 库玛·帕拉纳, 佐伊·索尔达娜, 埃迪·琼斯, 祖德·塞克利拉, 科瑞·雷诺兹, 吉列尔莫·迪亚兹, 里尼·贝尔, 瓦列里·尼古拉耶夫, 迈克尔·诺里, 鲍勃·莫里西, 萨沙·斯皮尔伯格, 苏珊·索洛米, 卡尔利斯·布克, 斯蒂芬·富勒, 丹·芬纳蒂, 莉迪亚·布兰科, 肯尼斯·崔, 卡斯·安瓦尔, 康拉德·皮拉, 杜桑恩·杜基齐, 马克·伊瓦涅, 本尼·戈尔森, 斯科特·安第斯, 罗伯特·科瓦吕比亚, 迪尔娃·亨莉, 卡尔·阿拉奇, 哈亚提·阿克巴斯, 艾力克斯·伯恩斯, 埃莱娜·卡多纳, 丹·蔡斯, 查得, 安东内拉·埃莉亚, 迈克尔·埃利奥普洛斯, 马斯顿·福布斯, 里亚德·加拉伊尼, 杰拉德·加纳, 贾斯汀·罗杰斯豪尔, 穆罕默德·哈桑, 安柏·黑凡斯, 柯西尼娅·雅罗娃, 巴里·朱利安, 斯维莱娜·基德斯, 祖扎娜·门罗, ","喜剧, 剧情, 爱情",美国
147,147,釜山行,8.6,1347633,揭露人性的丧尸题材力作。,https://movie.douban.com/subject/25986180/,延尚昊 Sang-ho Yeon,2016,2026-03-12 18:07:37,"孔刘, 郑裕美, 马东锡, 金秀安, 金义城, 崔宇植, 安昭熙, 崔奎华, 郑锡勇, 芮秀贞, 朴明申, 张赫镇, 禹都临, 沈恩敬","动作, 惊悚, 灾难",韩国
148,148,神偷奶爸,8.7,1045014,Mr. I Don't Care其实也有Care的时候。,https://movie.douban.com/subject/3287562/,皮艾尔·柯芬 Pierre Coffin / 克里斯·雷纳德 Chris Renaud,2010,2026-03-12 18:07:37,"史蒂夫·卡瑞尔, 杰森·席格尔, 拉塞尔·布兰德, 朱莉·安德鲁斯, 威尔·阿奈特, 克里斯汀·韦格, 米兰达·卡斯格拉夫, 达纳·盖尔, 艾尔西·费舍尔, 皮埃尔·柯芬, 克里斯·雷纳德, 杰梅奈·克莱门特, 杰克·麦克布瑞尔, 丹尼·麦克布莱德, 敏迪·卡灵, 罗布·许贝尔, 肯·道里欧, 郑肯","喜剧, 动画, 冒险","美国, 法国"
149,149,小森林 冬春篇,9.0,419918,尊敬他人，尊敬你生活的这片土地，明白孤独是人生的常态。,https://movie.douban.com/subject/25814707/,森淳一 Junichi Mori,2015,2026-03-12 18:07:37,"桥本爱, 三浦贵大, 松冈茉优, 温水洋一, 桐岛加恋",剧情,日本
150,150,喜宴,9.0,430496,,https://movie.douban.com/subject/1303037/,李安 Ang Lee,1993,2026-03-12 18:07:37,"赵文瑄, 归亚蕾, 郎雄, 金素梅, 米切尔·利希藤斯坦, 迈克尔·加斯顿, 许永德, 尼尔·赫夫, 李淳, 汉娜·沙利文, 杨元提, 姚培德, 李安","剧情, 喜剧, 爱情, 同性, 家庭","中国台湾, 美国"
151,151,萤火之森,8.8,609703,触不到的恋人。,https://movie.douban.com/subject/5989818/,大森贵弘 Takahiro Omori,2011,2026-03-12 18:07:37,"佐仓绫音, 内山昂辉, 辻亲八, 山本兼平, 后藤弘树, 今井麻美","剧情, 爱情, 动画, 奇幻",日本
152,152,告白,8.8,742652,没有一人完全善，也没有一人完全恶。,https://movie.douban.com/subject/4268598/,中岛哲也 Tetsuya Nakashima,2010,2026-03-12 18:07:37,"松隆子, 冈田将生, 木村佳乃, 西井幸人, 桥本爱, 芦田爱菜, 三吉彩花, 藤原薰, 井之胁海, 清水尚弥, 高桥努, 一井直树, 能年玲奈, 新井浩文, 野本萤","剧情, 悬疑",日本
153,153,玛丽和麦克斯,9.0,469899,你是我最好的朋友，你是我唯一的朋友 。,https://movie.douban.com/subject/3072124/,亚当·艾略特 Adam Elliot,2009,2026-03-12 18:07:37,"托妮·科莱特, 菲利普·塞默·霍夫曼, 巴瑞·哈姆弗莱斯, 艾瑞克·巴纳, 贝塔尼·维特莫尔, 蕾妮·盖耶, 伊恩·莫利·梅尔德伦, 朱莉·福塞斯, 约翰·弗劳思, 克里斯托弗·马西, 卡罗琳·莎士比亚, 琳恩·史密斯, 迈克尔·延纳","剧情, 喜剧, 动画","澳大利亚, 美国"
154,154,七武士,9.3,234985,,https://movie.douban.com/subject/1295399/,黑泽明 Akira Kurosawa,1954,2026-03-12 18:07:37,"三船敏郎, 志村乔, 津岛惠子, 岛崎雪子, 藤原釜足, 加东大介, 木村功, 千秋实, 宫口精二, 小杉义男, 左卜全, 稻叶义男, 土屋嘉男, 高堂国典, 东野英治郎, 上田吉二郎, 多多良纯, 渡边笃, 小川虎之助, 山形勋, 上山草人, 清水元, 高木新平, 大友伸, 高原骏雄, 稻垣三郎, 堺左千夫, 千石规子, 本间文子, 大久保正信, 伊藤实, 大村千吉, 广濑正一, 宇野晃司, 谷晃, 中岛春雄, 清水美恵, 熊谷卓三, 夏木顺平, 岩本弘司, 堤康久, 马野都留子, 森今日子, 加藤武, 仲代达矢, 宇津井健, 山本廉","动作, 冒险, 剧情",日本
155,155,头号玩家,8.6,1514499,写给影迷，动漫迷和游戏迷的一封情书。,https://movie.douban.com/subject/4920389/,史蒂文·斯皮尔伯格 Steven Spielberg,2018,2026-03-12 18:07:37,"泰伊·谢里丹, 奥利维亚·库克, 本·门德尔森, 马克·里朗斯, 丽娜·维特, 森崎温, 赵家正, 西蒙·佩吉, 汉娜·乔恩, 拉尔夫·伊内森, 苏珊·林奇, 克莱尔·希金斯, 劳伦斯·斯佩尔曼, 佩蒂塔·维克斯, 艾萨克·安德鲁斯","动作, 科幻, 冒险",美国
156,156,模仿游戏,8.8,719043,他给机器起名“克里斯托弗”，因为这是他初恋的名字。,https://movie.douban.com/subject/10463953/,莫滕·泰杜姆 Morten Tyldum,2014,2026-03-12 18:07:37,"本尼迪克特·康伯巴奇, 凯拉·奈特莉, 马修·古迪, 罗里·金尼尔, 艾伦·里奇, 马修·比尔德, 查尔斯·丹斯, 马克·斯特朗, 詹姆斯·诺斯科特, 汤姆·古德曼, 史蒂芬·威丁顿, 伊兰·古德曼, 杰克·塔尔登, 埃里克斯·劳瑟, 杰克·巴农, 塔彭丝·米德尔顿, 安德鲁·哈维尔, 威尔·鲍登, 李·阿斯奎斯, 海莉·乔安妮·培根, 安库塔·布雷班, 格雷斯·卡尔德, 理查德·坎贝尔, 温斯顿·丘吉尔, 克里斯·考林, 汉娜·弗林, 卢克·霍普, 斯图尔特·马修斯, 亚当·诺威尔, 哈里","剧情, 传记, 战争, 同性","英国, 美国"
157,157,惊魂记,9.0,355559,,https://movie.douban.com/subject/1293181/,阿尔弗雷德·希区柯克 Alfred Hitchcock,1960,2026-03-12 18:07:37,"安东尼·博金斯, 维拉·迈尔斯, 约翰·加文, 珍妮特·利, 马丁·鲍尔萨姆, 约翰·麦克因泰, 西蒙·奥克兰, 弗兰克·艾伯森, 帕特里夏·希区柯克, 沃恩·泰勒, 卢伦·塔特尔, 约翰·安德森, 莫特·米尔斯, 吉特·卡森, 维吉尼亚·格雷格, 阿尔弗雷德·希区柯克, 珍妮特·诺兰, 罗伯特·奥斯本, 海伦·华莱士, 沃尔特·培根, 弗朗西斯·德塞尔斯, 乔治·多克斯塔德, 乔治·埃尔德雷奇, 哈珀·弗莱厄蒂, 萨姆·弗林特, 弗兰克·基尔蒙德, 泰德·奈特, 帕特·麦卡弗里, 汉斯, 弗雷德·谢威勒","悬疑, 惊悚, 恐怖",美国
158,158,大鱼,8.8,626168,,https://movie.douban.com/subject/1291545/,蒂姆·波顿 Tim Burton,2003,2026-03-12 18:07:37,"伊万·麦克格雷格, 阿尔伯特·芬尼, 比利·克鲁德普, 杰西卡·兰格, 海伦娜·伯翰·卡特, 艾莉森·洛曼, 罗伯特·吉尔劳姆, 玛丽昂·歌迪亚, 马修·麦克格罗里, 大卫·丹曼, 米西·派勒, 卢顿·万恩怀特三世, 艾达·泰, 艾伦妮·泰, 史蒂夫·布西密, 丹尼·德维托, 迪普·罗伊, 海利·安妮·内尔森","剧情, 爱情, 奇幻, 冒险",美国
159,159,心灵奇旅,8.7,1140270,,https://movie.douban.com/subject/24733428/,彼特·道格特 Pete Docter / 凯普·鲍尔斯 Kemp Powers,2020,2026-03-12 18:07:37,"杰米·福克斯, 蒂娜·菲, 菲利西亚·拉斯海德, 阿米尔, 戴维德·迪格斯, 格拉汉姆·诺顿, 瑞切尔·豪斯, 艾莉丝·布拉加, 理查德·艾欧阿德, 唐尼尔·罗林斯, 安吉拉·贝塞特, 马戈·霍尔, 罗德莎·琼斯, 韦斯·斯塔迪, 沙基纳·贾弗里, 福琼·费姆斯特, 卡鲁姆·格兰特, 泽诺比娅·谢罗夫, 朱恩·斯奎布, 凯茜·卡瓦蒂妮, 罗纳尔多·德尔·卡门, 埃利萨皮·艾萨克, 杰森·佩斯, 科拉·尚波米耶","动画, 奇幻, 音乐",美国
160,160,射雕英雄传之东成西就,8.7,717121,,https://movie.douban.com/subject/1316510/,刘镇伟 Jeffrey Lau,1993,2026-03-12 18:07:37,"梁朝伟, 林青霞, 张国荣, 叶玉卿, 张学友, 王祖贤, 张曼玉, 梁家辉, 刘嘉玲, 钟镇涛, 鲍起静","喜剧, 奇幻, 武侠, 古装",中国香港
161,161,血战钢锯岭,8.7,858627,优秀的战争片不会美化战场，不会粉饰死亡，不会矮化敌人，不会无视常识，最重要的，不会宣扬战争。,https://movie.douban.com/subject/26325320/,梅尔·吉布森 Mel Gibson,2016,2026-03-12 18:07:37,"安德鲁·加菲尔德, 萨姆·沃辛顿, 文斯·沃恩, 雨果·维文, 卢克·布雷西, 泰莉莎·帕尔墨, 瑞切尔·格里菲斯, 内森奈尔·布佐里克, 理查德·劳斯伯格, 马特·纳夫莱, 费拉斯·迪拉尼, 瑞安·柯尔, 卢克·佩格勒","剧情, 传记, 历史, 战争","澳大利亚, 美国"
162,162,背靠背，脸对脸,9.5,179250,,https://movie.douban.com/subject/1307856/,黄建新 Jianxin Huang / 杨亚洲 Yazhou Yang,1994,2026-03-12 18:07:37,"牛振华, 雷恪生, 李强, 句号, 王劲松, 戈治均, 佘南南, 张嘉益, 刘国祥, 徐学政, 林海海, 温谦, 马载军, 吴玮玲, 张艺, 韩炳杰, 杨亚洲",剧情,"中国大陆, 中国香港"
163,163,你的名字。,8.5,1590524,穿越错位的时空，仰望陨落的星辰，你没留下你的名字，我却无法忘记那句“我爱你”。,https://movie.douban.com/subject/26683290/,新海诚 Makoto Shinkai,2016,2026-03-12 18:07:37,"神木隆之介, 上白石萌音, 长泽雅美, 市原悦子, 成田凌, 悠木碧, 岛崎信长, 石川界人, 谷花音, 寺杣昌纪, 大原沙耶香, 井上和彦, 茶风林, 加藤有花, 花泽香菜, 寺崎裕香","剧情, 爱情, 动画",日本
164,164,机器人之梦,9.1,434099,,https://movie.douban.com/subject/35426925/,巴勃罗·贝格尔 Pablo Berger,2023,2026-03-12 18:07:37,伊万·拉班达,"剧情, 动画, 音乐","西班牙, 法国"
165,165,我是山姆,9.0,376030,,https://movie.douban.com/subject/1306861/,杰茜·尼尔森 Jessie Nelson,2001,2026-03-12 18:07:37,"西恩·潘, 达科塔·范宁, 米歇尔·菲佛, 黛安·韦斯特, 洛雷塔·迪瓦恩, 理查德·希夫, 劳拉·邓恩","剧情, 家庭",美国
166,166,阳光姐妹淘,8.8,637908,再多各自牛逼的时光，也比不上一起傻逼的岁月。,https://movie.douban.com/subject/4917726/,姜炯哲 Hyeong-Cheol Kang,2011,2026-03-12 18:07:37,"沈恩敬, 闵孝琳, 姜素拉, 南宝拉, 陈熙琼, 金时厚, 柳好贞, 朴真珠, 李妍京, 金甫美, 千玗嬉, 李璟荣","剧情, 喜剧",韩国
167,167,恐怖直播,8.7,727433,恐怖分子的“秋菊打官司”。,https://movie.douban.com/subject/21360417/,金秉祐 Byeong-woo Kim,2013,2026-03-12 18:07:37,"河正宇, 李璟荣, 全慧珍, 李大卫, 金弘波, 崔正贤, 崔大勋, 姜信哲, 韩成天, 孙成灿, 金素辰, 金大明, 金海仁","剧情, 犯罪, 悬疑",韩国
168,168,黑客帝国3：矩阵革命,8.8,496786,,https://movie.douban.com/subject/1302467/,拉娜·沃卓斯基 Lana Wachowski / 莉莉·沃卓斯基 Lilly Wachowski,2003,2026-03-12 18:07:37,"基努·里维斯, 劳伦斯·菲什伯恩, 凯瑞, 雨果·维文, 贾达·萍克特·史密斯, 凯特·宾汉, 玛丽·爱丽丝, 莫妮卡·贝鲁奇, 埃茜·戴维斯, 克里斯托弗·卡比, 罗伯特·马莫内, 罗宾·奈文, 吉娜薇·欧瑞丽, 诺娜·加耶, 纳撒尼尔·利斯, 哈里·列尼斯, 哈罗德·佩里诺, 鲁伯特·雷德, 凯文·迈克尔·理查德森, 大卫·罗伯茨, 布鲁斯·斯宾斯, 吉娜·托瑞斯, 克莱顿·华生, 赫尔穆特·巴凯蒂斯, 邹兆龙, 乔·曼宁, 拉黑·休姆, 康奈尔·韦斯特, 伯纳德·怀特, 朗贝尔·维尔森, 安东尼·布兰登·黄, 安东尼·泽比, 克雷格·沃克","动作, 科幻",美国
169,169,小丑,8.7,1124366,,https://movie.douban.com/subject/27119724/,托德·菲利普斯 Todd Phillips,2019,2026-03-12 18:07:37,"华金·菲尼克斯, 罗伯特·德尼罗, 马克·马龙, 莎姬·贝兹, 谢伊·惠格姆, 弗兰西丝·康罗伊, 布莱恩·考伦, 布莱恩·泰里·亨利, 布莱特·卡伦, 道格拉斯·霍奇, 格伦·弗莱舍尔, 比尔·坎普, 乔什·帕斯, 但丁·佩雷拉, 玛丽·凯特·马拉特, 迈克尔·本茨, 莎珑·华盛顿, 桑德拉·詹姆斯, 托尼·赫德, 曼德拉·贝拉米, 乔·奥克曼, 卡尔·伦德施泰特, 米克·奥罗克, 大卫·吉布森, 伊万·罗萨多, 安妮·比萨比亚, 布莱斯·科里根, 乔恩·道格拉斯·雷尼, 艾恩斯利·丹恩, 杰森·约翰·奇卡莱塞","剧情, 犯罪, 惊悚","美国, 加拿大"
170,170,三块广告牌,8.7,918876,怼天怼地，你走后，她与世界为敌。,https://movie.douban.com/subject/26611804/,马丁·麦克唐纳 Martin McDonagh,2017,2026-03-12 18:07:37,"弗兰西斯·麦克多蒙德, 伍迪·哈里森, 山姆·洛克威尔, 艾比·考尼什, 卢卡斯·赫奇斯, 彼特·丁拉基, 约翰·浩克斯, 卡莱伯·兰德里·琼斯, 凯瑟琳·纽顿, 凯瑞·康顿, 泽利科·伊万内克, 萨玛拉·维文, 克拉克·彼得斯, 尼克·瑟西, 阿曼达·沃伦, 玛拉雅·瑞沃拉·德鲁, 布兰登·萨克斯顿, 迈克尔·艾伦·米利甘","剧情, 犯罪","英国, 美国"
171,171,谍影重重3,8.9,470321,像吃了苏打饼一样干脆的电影。,https://movie.douban.com/subject/1578507/,保罗·格林格拉斯 Paul Greengrass,2007,2026-03-12 18:07:37,"马特·达蒙, 朱丽娅·斯蒂尔斯, 大卫·斯特雷泽恩, 斯科特·格伦, 帕迪·康斯戴恩, 埃德加·拉米雷兹, 阿尔伯特·芬尼, 琼·艾伦, 克里·约翰逊, 丹尼尔·布鲁赫, 乔伊·安沙, 科林·斯廷顿, 丹·弗雷登堡","动作, 悬疑, 惊悚","美国, 德国, 法国, 英国"
172,172,电锯惊魂,8.7,612158,真相就在眼前。,https://movie.douban.com/subject/1417598/,詹姆斯·温 James Wan,2004,2026-03-12 18:07:37,"雷·沃纳尔, 加利·艾尔维斯, 丹尼·格洛弗, 梁振邦, 迪娜·迈耶, 迈克·巴特斯, 保罗·古德勒支, 迈克尔·爱默生, 本尼托·马丁内斯, 肖妮·史密斯, 麦肯兹·韦加, 莫妮卡·波特, 耐德·巴拉米, 亚丽姗德拉·全, 托宾·贝尔","悬疑, 惊悚, 恐怖",美国
173,173,末路狂花,9.0,345333,,https://movie.douban.com/subject/1291992/,雷德利·斯科特 Ridley Scott,1991,2026-03-12 18:07:37,"吉娜·戴维斯, 苏珊·萨兰登, 哈威·凯特尔, 迈克尔·马德森, 布拉德·皮特","犯罪, 剧情, 惊悚","美国, 英国, 法国"
174,174,高山下的花环,9.5,157971,,https://movie.douban.com/subject/1422283/,谢晋 Jin Xie,1984,2026-03-12 18:07:37,"吕晓禾, 唐国强, 何伟, 童超, 盖克, 王玉梅, 刘燕生, 斯琴高娃, 倪大红, 何毅, 石磊, 贾雨岚, 李丹军, 管宗祥, 李振平, 胡宗琪, 洪军","剧情, 战争",中国大陆
175,175,无间道2,8.8,566081,,https://movie.douban.com/subject/1307106/,刘伟强 Andrew Lau / 麦兆辉 Alan Mak,2003,2026-03-12 18:07:37,"陈冠希, 余文乐, 曾志伟, 黄秋生, 吴镇宇, 刘嘉玲, 胡军, 张耀扬, 连凯, 惠英红, 廖启智, 张同祖, 方平, 敖志君, 黄岳泰, 陈德森, 赵颂茹, 叶世品, 郑斌辉, 许金峰, 陈望华, 尹志强, 傅嘉莉, 段伟伦, 林仲岐, 金来群, 黄锐生, 张碧珊, 刘宗基, 王文成, 张旭燊, 林国杰, 雷小明, 里卡多·马姆多, 布兰登·雷亚, 李霆锋, 阎青妤, 龙比意","剧情, 犯罪, 惊悚",中国香港
176,176,达拉斯买家俱乐部,8.8,505386,Jared Leto的腿比女人还美！,https://movie.douban.com/subject/1793929/,让-马克·瓦雷 Jean-Marc Vallée,2013,2026-03-12 18:07:37,"马修·麦康纳, 詹妮弗·加纳, 杰瑞德·莱托, 史蒂夫·扎恩, 达拉斯·罗伯特斯, 凯文·兰金, 丹尼斯·欧哈拉, 简·麦克尼尔, 格里芬·邓恩, 詹姆斯·杜蒙特, 朱丽叶·里夫斯, 斯蒂菲·格罗特","剧情, 传记, 同性",美国
177,177,疯狂原始人,8.7,920361,老少皆宜，这就是好莱坞动画的魅力。,https://movie.douban.com/subject/1907966/,科克·德·米科 Kirk De Micco / 克里斯·桑德斯 Chris Sanders,2013,2026-03-12 18:07:37,"尼古拉斯·凯奇, 艾玛·斯通, 瑞安·雷诺兹, 凯瑟琳·基纳, 克萝丽丝·利奇曼, 克拉克·杜克, 克里斯·桑德斯, 兰迪·汤姆","喜剧, 动画, 冒险",美国
178,178,绿里奇迹,8.9,387713,,https://movie.douban.com/subject/1300374/,弗兰克·德拉邦特 Frank Darabont,1999,2026-03-12 18:07:37,"汤姆·汉克斯, 大卫·摩斯, 迈克·克拉克·邓肯, 邦妮·亨特, 詹姆斯·克伦威尔, 迈克尔·杰特, 格雷厄姆·格林, 道格·休切逊, 山姆·洛克威尔, 巴里·佩珀, 杰弗里·德曼, 派翠西娅·克拉克森, 哈利·迪恩·斯坦顿, 戴布思·格里尔, 伊芙·布伦特","犯罪, 剧情, 奇幻, 悬疑",美国
179,179,爱在午夜降临前,8.9,472622,所谓爱情，就是话唠一路，都不会心生腻烦，彼此嫌弃。,https://movie.douban.com/subject/10808442/,理查德·林克莱特 Richard Linklater,2013,2026-03-12 18:07:37,"伊桑·霍克, 朱莉·德尔佩, 肖姆斯·戴维, 詹妮弗·普里尔, 夏洛特·普里尔, 仙尼娅·卡洛格罗普卢, 沃尔特·拉萨利, 亚里安妮·拉贝德, 雅尼斯·帕帕多普洛斯, 阿赛娜·拉海尔·灿加里, 帕诺斯·科罗尼斯, 约塔·阿吉罗普卢, 约翰·斯洛斯","剧情, 爱情","美国, 希腊"
180,180,疯狂的石头,8.6,924964,中国版《两杆大烟枪》。,https://movie.douban.com/subject/1862151/,宁浩 Hao Ning,2006,2026-03-12 18:07:37,"郭涛, 刘桦, 连晋, 黄渤, 徐峥, 岳小军, 罗兰, 王迅","喜剧, 犯罪","中国大陆, 中国香港"
181,181,雨中曲,9.1,268231,,https://movie.douban.com/subject/1293460/,斯坦利·多南 Stanley Donen / 吉恩·凯利 Gene Kelly,1952,2026-03-12 18:07:37,"吉恩·凯利, 唐纳德·奥康纳, 黛比·雷诺斯, 简·哈根, 米勒德·米切尔, 赛德·查里斯, 达格拉斯·福雷, 丽塔·莫雷诺, 道恩·艾达丝, 玛格丽特·伯特, 梅·克拉克, 凯·德利斯, 金·多诺万, 海伦·艾比罗克, 贝丝·弗劳尔斯, 罗伯特·福捷, 凯瑟琳·弗里曼, 兰斯·富勒, 杰克·乔治, 山姆·哈里斯, 斯图尔特·霍姆斯, 肯纳, 迈克·拉里, 乔伊·兰辛","喜剧, 歌舞, 爱情",美国
182,182,2001太空漫游,8.9,395719,,https://movie.douban.com/subject/1292226/,斯坦利·库布里克 Stanley Kubrick,1968,2026-03-12 18:07:37,"凯尔·杜拉, 加里·洛克伍德, 威廉姆·西尔维斯特, 丹尼尔·里希特, 雷纳德·洛塞特, 罗伯特·比提, 肖恩·沙利文, 艾德·毕肖普, 格伦·贝克, 艾伦·吉福德, 安·吉利斯","科幻, 惊悚, 冒险","英国, 美国"
183,183,海街日记,8.8,520337,是枝裕和的家庭习作。,https://movie.douban.com/subject/25895901/,是枝裕和 Hirokazu Koreeda,2015,2026-03-12 18:07:37,"绫濑遥, 长泽雅美, 夏帆, 广濑铃, 大竹忍, 堤真一, 加濑亮, 风吹淳, 中川雅也, 前田旺志郎, 铃木亮平, 坂口健太郎, 树木希林","剧情, 家庭",日本
184,184,风之谷,8.9,393289,,https://movie.douban.com/subject/1291585/,宫崎骏 Hayao Miyazaki,1984,2026-03-12 18:07:37,"岛本须美, 松田洋治, 榊原良子, 辻村真人, 京田尚子, 纳谷悟朗, 永井一郎, 宫内幸平, 八奈见乘儿, 矢田稔, 富永美伊奈, 家弓家正, 吉田理保子, 菅谷政子, 坂本千夏, 鳕子, 麦人, 大塚芳忠","动画, 奇幻, 冒险",日本
185,185,上帝之城,9.0,333118,,https://movie.douban.com/subject/1292208/,费尔南多·梅里尔斯 Fernando Meirelles / 卡迪亚·兰德 Kátia Lund  &nbsp,2002,2026-03-12 18:07:37,"亚历桑德雷·罗德里格斯, 莱安德鲁·菲尔米诺, 菲利佩·哈根森, 道格拉斯·席尔瓦, 乔纳森·哈根森, 马修斯·纳克加勒, 塞乌·乔奇, 艾莉丝·布拉加","犯罪, 剧情","巴西, 法国"
186,186,心迷宫,8.7,616658,荒诞讽刺，千奇百巧，抽丝剥茧，百转千回。,https://movie.douban.com/subject/25917973/,忻钰坤 Yukun Xin,2014,2026-03-12 18:07:37,"霍卫民, 王笑天, 罗芸, 杨瑜珍, 孙黎, 邵胜杰, 曹西安, 贾致钢, 朱自清, 王梓尘, 赵梓彤, 贾世忠, 袁满, 陈梅生, 张景素, 平坦, 金子, 张建军","剧情, 犯罪, 悬疑",中国大陆
187,187,英雄本色,8.6,605608,,https://movie.douban.com/subject/1297574/,吴宇森 John Woo,1986,2026-03-12 18:07:37,"周润发, 狄龙, 张国荣, 朱宝意, 李子雄, 田丰, 吴宇森, 曾江, 成奎安, 徐克, 陈志辉","剧情, 动作, 犯罪",中国香港
188,188,记忆碎片,8.7,668259,,https://movie.douban.com/subject/1304447/,克里斯托弗·诺兰 Christopher Nolan,2000,2026-03-12 18:07:37,"盖·皮尔斯, 凯瑞, 乔·潘托里亚诺, 小马克·布恩, 拉什·费加, 乔雅·福克斯, 斯蒂芬·托布罗斯基, 哈里特·桑塞姆·哈里斯, 托马斯·列农, 考乐姆·吉斯·雷尼, 金伯利·坎贝尔, 玛丽安妮·穆勒雷尔, 拉里·霍尔登","犯罪, 剧情, 悬疑, 惊悚",美国
189,189,纵横四海,8.8,473223,,https://movie.douban.com/subject/1295409/,吴宇森 John Woo,1991,2026-03-12 18:07:37,"周润发, 张国荣, 钟楚红, 朱江, 曾江, 胡枫, 唐宁, 邓一君","剧情, 喜剧, 动作, 犯罪",中国香港
190,190,无敌破坏王,8.7,611539,迪士尼和皮克斯拿错剧本的产物。,https://movie.douban.com/subject/6534248/,瑞奇·莫尔 Rich Moore,2012,2026-03-12 18:07:37,"约翰, 萨拉·西尔弗曼, 杰克·麦克布瑞尔, 简·林奇, 艾伦·图代克, 敏迪·卡灵, 乔·洛·特鲁格里奥, 艾德·奥尼尔, 丹尼斯·海斯伯特, 伊迪·麦克勒格, 雷蒙德, 杰斯·哈梅尔, 瑞秋·哈里斯, 斯盖拉·阿斯丁, 亚当·卡罗拉, 霍拉提奥·桑斯, 莫里斯·拉马奇, 斯戴芬妮·斯考特, 约翰·迪·马吉欧, 瑞奇·摩尔, 凯蒂·洛斯, 贾米·埃曼, 乔西·特立尼达, 辛贝·沃克, 塔克·吉莫尔, 布兰登·斯考特, 蒂姆·梅尔滕斯, 凯文·迪特斯, 杰洛·里佛斯, 马丁·贾维斯, 布莱恩·克辛格, 罗杰·克莱格·史密斯, 菲尔·约翰斯顿, 鲁本·兰登, 凯尔·赫伯特, 洁米·斯贝勒·罗伯茨, 尼克·格里姆肖","喜剧, 动画, 奇幻, 冒险",美国
191,191,卢旺达饭店,8.9,366811,当这个世界闭上双眼，他却敞开了怀抱。,https://movie.douban.com/subject/1291822/,特瑞·乔治 Terry George,2004,2026-03-12 18:07:37,"唐·钱德尔, 苏菲·奥康内多, 华金·菲尼克斯, 尼克·诺特, 哈基姆·凯, 托尼·戈罗奇, 法纳·莫科纳, 大卫·奥哈拉, 莫苏西·麦格诺, 西莫·莫加瓦扎, 卡拉·西摩, 罗伯托·西特兰, 德斯蒙德·杜布, 蕾乐蒂·库马洛","剧情, 传记, 历史, 战争","英国, 南非, 意大利, 美国"
192,192,东京教父,9.0,290678,,https://movie.douban.com/subject/1310177/,今敏 Satoshi Kon,2003,2026-03-12 18:07:37,"江守彻, 梅垣义明, 冈本绫, 饭塚昭三, 加藤精三, 石丸博也, 槐柳二, 屋良有作, 寺濑今日子, 能登麻美子, 大塚明夫, 小山力也, 宇垣秀成, 小形满, 芝原智矢子, 竹口安芸子, 伊藤和晃, 古田信幸, 汤屋敦子, 堀川仁, 风间勇刀, 最上嗣生, 园部好德, 川濑晶子, 宫崎晋永, 矢原加奈子, 柴田理惠, 犬山犬子, 山寺宏一, 柚木凉香, 进藤尚美, 川原庆久, 麻生智久, 铃森勘司, 金田朋子, 藤原启治, 兴梠里美","剧情, 喜剧, 动画",日本
193,193,小偷家族,8.7,894622,我们组成了家。,https://movie.douban.com/subject/27622447/,是枝裕和 Hirokazu Koreeda,2018,2026-03-12 18:07:37,"中川雅也, 安藤樱, 松冈茉优, 城桧吏, 佐佐木美结, 树木希林, 绪形直人, 池松壮亮, 森口瑶子, 山田裕贵, 片山萌美, 柄本明, 高良健吾, 池胁千鹤, 足立智充","剧情, 犯罪, 家庭",日本
194,194,牯岭街少年杀人事件,8.9,368479,,https://movie.douban.com/subject/1292329/,杨德昌 Edward Yang,1991,2026-03-12 18:07:37,"张震, 杨静怡, 张国柱, 王启赞, 林鸿铭, 金燕玲, 王琄, 张翰, 姜秀琼, 赖梵耘, 柯宇纶, 谭志刚, 陈湘琪, 金士杰","剧情, 犯罪",中国台湾
195,195,恐怖游轮,8.5,988628,不要企图在重复中寻找已经失去的爱。,https://movie.douban.com/subject/3011051/,克里斯托弗·史密斯 Christopher Smith,2009,2026-03-12 18:07:37,"梅利莎·乔治, 迈克尔·多曼, 利亚姆·海姆斯沃斯, 瑞秋·卡帕尼, 亨利·尼克松, 艾玛·朗, 约书亚·麦基弗, 杰克·泰勒, 布莱恩·普罗贝茨","科幻, 悬疑, 奇幻, 惊悚","英国, 澳大利亚"
196,196,冰川时代,8.7,685385,,https://movie.douban.com/subject/1291578/,卡洛斯·沙尔丹哈 Carlos Saldanha / 克里斯·韦奇 Chris Wedge,2002,2026-03-12 18:07:37,"雷·罗马诺, 约翰·雷吉扎莫, 丹尼斯·利瑞, 杰克·布莱克","喜剧, 动画, 冒险",美国
197,197,魔女宅急便,8.7,523951,,https://movie.douban.com/subject/1307811/,宫崎骏 Hayao Miyazaki,1989,2026-03-12 18:07:37,"高山南, 佐久间玲, 户田惠子, 山口胜平, 信泽三惠子, 加藤治子, 关弘子, 三浦浩一, 山寺宏一, 井上喜久子, 渊崎由里子, 土井美加, 土师孝也, 浅井淑子, 齐藤昌, 西村知道, 小林优子, 池水通洋, 辻亲八, 大塚明夫, 坂本千夏, 田口昂, 键本景子, 津贺有子, 龟井芳子, 丸山裕子","动画, 奇幻, 冒险",日本
198,198,芙蓉镇,9.3,189450,,https://movie.douban.com/subject/1297880/,谢晋 Jin Xie,1987,2026-03-12 18:07:37,"刘晓庆, 姜文, 郑在石, 张光北, 徐松子, 祝士彬, 刘利年, 徐宁, 黎模宪, 麦文燕, 姜友石, 肖其昌, 李国文, 解梅精, 马少朋, 贾志杰, 曹洪弟, 赵仲, 瞿继之, 王恩珠, 夏文华","剧情, 爱情",中国大陆
199,199,忠犬八公物语,9.2,218461,,https://movie.douban.com/subject/1959195/,神山征二郎 Seijirô Kôyama,1987,2026-03-12 18:07:37,"仲代达矢, 八千草薰, 柳叶敏郎, 尾美利德, 石野真子, 春川真澄, 殿山泰司, 加藤嘉, 井川比佐志, 山本圭, 片桐入, 浦边粂子, 高桥长英, 石仓三郎, 岸部四郎, 樋浦勉, 原知佐子, 早川纯一, 川上夏代, 青木卓, 野口文惠, 黑田亚瑟, 中村美代子, 原吉实, 松尾麻织, 平林尚三, 田山真美子, 及川以造, 古田将士, 吉冈圭二, 松本诚一, 坂井茂树, 三浦忠度, 竹田光裕, 小岛敏彦, 高崎隆二, 小山昌幸, 秋山京子, 庄司秀俊, 藤原等, 西海真理, 小山内一雄, 田中孝雄, 荒木瞳, 天野良昭, 八木邦明, 神田典子, 大辉昭, 高桥正明, 中濑博文, 菊川予市, 太田行雄, 高市好行, 木津修, 山下一夫, 细见良行, 山口晴记, 千叶康司, 谷津勋, 难波透, 和气秀章, 小野一光, 山科薰, 内田修司, 三上祐, 作原利男, 岩庭友启, 石田哲也, 门平克己, 佐藤法义, 上山隆, 小玉赖信, 寺坂博文, 竹原升, 三木纪平, 泉谷茂,",剧情,日本
200,200,岁月神偷,8.7,612411,岁月流逝，来日可追。,https://movie.douban.com/subject/3792799/,罗启锐 Alex Law,2010,2026-03-12 18:07:37,"吴君如, 任达华, 钟绍图, 李治廷, 蔡颖恩, 秦沛, 夏萍, 谷德昭, 许鞍华, 张同祖, 庄域飞, 威廉希路, 李健兴, 林耀祺, 廖爱玲, 张翼东, 钱耀荣, 谭瓒强, 陈庆航, 黎祥荣","剧情, 家庭","中国香港, 中国大陆"
201,201,荒蛮故事,8.7,517132,始于荒诞，止于更荒诞。,https://movie.douban.com/subject/24750126/,达米安·斯兹弗隆 Damián Szifron,2014,2026-03-12 18:07:37,"达里奥·格兰迪内蒂, 玛丽娅·玛努尔, 莫妮卡·比利亚, 丽塔·科尔泰塞, 胡丽叶塔·泽尔贝伯格, 凯撒·博尔东, 莱昂纳多·斯巴拉格利亚, 沃尔特·多纳多, 里卡多·达林, 南希·杜普拉, 奥斯卡·马丁内兹, 玛莉亚·奥内托, 奥斯马·努涅斯, 赫尔曼·德·席尔瓦, 艾丽卡·里瓦斯, 地亚哥·詹蒂莱, 玛格丽塔·莫菲诺","剧情, 喜剧, 犯罪","阿根廷, 西班牙"
202,202,遗愿清单,8.7,537728,用剩余不多的时间，去燃烧整个生命。,https://movie.douban.com/subject/1867345/,罗伯·莱纳 Rob Reiner,2007,2026-03-12 18:07:37,"杰克·尼科尔森, 摩根·弗里曼, 西恩·海耶斯, 贝弗利·陶德, 罗伯·莫洛, 阿方索·弗里曼, 罗威娜·金, 韦尔达·布里奇斯, 伊恩·安东尼·代尔, 詹妮弗·迪弗朗西斯科, 安吉拉·加德纳, 诺尔·古格雷米, 乔纳森·赫尔南德斯, 休, 理查德·麦克格纳格尔, 丸山凯伦, 安波米德, 尼基·诺瓦克, 克里斯托弗·斯塔普勒顿, 泰勒, 亚历克斯·崔贝克, 乔丹·朗德, 瑟瑞娜·里德","冒险, 喜剧, 剧情",美国
203,203,大佛普拉斯,8.7,553260,人们可以登上月球，却永远无法探索人们内心的宇宙。,https://movie.douban.com/subject/27059130/,黄信尧 Hsin-yao Huang,2017,2026-03-12 18:07:37,"庄益增, 陈竹升, 戴立忍, 张少怀, 陈以文, 纳豆, 丁国琳, 李永丰, 朱约信, 雷婕熙, 林美秀, 小亮哥, 游安顺, 梁赫群, 脱线, 郑宇彤, 鲁文学","剧情, 喜剧",中国台湾
204,204,源代码,8.6,924941,邓肯·琼斯继《月球》之后再度奉献出一部精彩绝伦的科幻佳作。,https://movie.douban.com/subject/3075287/,邓肯·琼斯 Duncan Jones,2011,2026-03-12 18:07:37,"杰克·吉伦哈尔, 维拉·法米加, 米歇尔·莫纳汉, 杰弗里·怀特, 拉塞尔·皮特斯, 詹姆斯, 迈克尔·阿登, 乔·柯布登, 卡斯·安瓦尔","科幻, 悬疑, 惊悚","美国, 加拿大"
205,205,花束般的恋爱,8.6,825593,,https://movie.douban.com/subject/34874432/,土井裕泰 Nobuhiro Doi,2021,2026-03-12 18:07:37,"菅田将晖, 有村架纯, 细田佳央太, 清原果耶, 小田切让, 押井守, 户田惠子, 岩松了, 小林薰, 韩英惠, 中崎敏, 小久保寿人, 泷内公美, 森优作, 古川琴音, 篠原悠伸, 八木亚里纱, 佐藤宽太, 冈部敬史, 萩原实里, 福山翔大, 萩原利久, 片山友希, 宇野祥平, 佐藤玲, 水泽绅吾, 穗志萌香","剧情, 爱情",日本
206,206,疯狂的麦克斯4：狂暴之路,8.7,618063,“多么美好的一天！”轰轰轰砰咚，啪哒哒哒轰隆隆，磅~,https://movie.douban.com/subject/3592854/,乔治·米勒 George Miller,2015,2026-03-12 18:07:37,"汤姆·哈迪, 查理兹·塞隆, 尼古拉斯·霍尔特, 休·基斯, 乔什·赫尔曼, 内森·琼斯, 佐伊·克罗维兹, 罗茜·汉丁顿, 丽莉·吉欧, 阿比·丽, 考特尼·伊顿, 安格斯·桑普森, 理查德·卡特, 梅根·盖尔, 肖恩·哈普","动作, 科幻, 冒险","澳大利亚, 美国"
207,207,白日梦想家,8.6,645832,,https://movie.douban.com/subject/2133323/,本·斯蒂勒 Ben Stiller,2013,2026-03-12 18:07:37,"本·斯蒂勒, 克里斯汀·韦格, 亚当·斯科特, 西恩·潘, 凯瑟琳·哈恩, 泰伦斯·伯尼·海恩斯, 保罗·菲兹杰拉德, 乔恩·戴利, 乔伊·斯洛特尼克, 格蕾丝·雷克斯, 阿莱克斯·阿方格, 阿曼达·诺顿, 阿德里安·马丁斯, 雪莉·麦克雷恩, 艾米·斯蒂勒, 斯图尔特·康菲尔德, 奥拉维尔·达里·奥拉夫松, 索哈德吕尔·西格罗森, 贡纳·黑尔加松, 卡伊·伦诺克斯, 柯南·奥布莱恩, 安迪·里克特, 安东尼·德西奥, 帕顿·奥斯瓦尔特, 理查德·德多梅尼科, 马特·莱文, 格雷格·西佩斯, 马米·科西科, 马修·古利, 罗丝玛丽·霍华德, 伊兰·克里斯费尔德, 安娜·库奇马","剧情, 喜剧, 冒险","美国, 英国"
208,208,你看起来好像很好吃,8.9,375502,感情不分食草或者食肉。,https://movie.douban.com/subject/4848115/,藤森雅也 Masaya Fujimori,2010,2026-03-12 18:07:37,"山口胜平, 爱河里花子, 加藤清史郎, 原田知世, 川岛得爱, 折笠富美子, 桐本拓哉, 别所哲也, 矢田稔, 川村万梨阿, 高乃丽, 小室正幸, 江川央生, 志村知幸, 胜沼纪义, 井田国男, 宫西达也, 宫西美奈子","剧情, 动画, 儿童",日本
209,209,可可西里,8.9,346141,坚硬的信仰。,https://movie.douban.com/subject/1308857/,陆川 Chuan Lu,2004,2026-03-12 18:07:37,"多布杰, 张垒, 奇道, 赵雪莹, 马占林, 赵一穗","剧情, 犯罪","中国大陆, 中国香港"
210,210,贫民窟的百万富翁,8.6,806540,上帝之城+猜火车+阿甘正传+开心辞典=山寨富翁,https://movie.douban.com/subject/2209573/,丹尼·鲍尔 Danny Boyle / 洛芙琳·坦丹 Loveleen Tandan,2008,2026-03-12 18:07:37,"戴夫·帕特尔, 沙鲁巴·舒克拉, 亚尼·卡普尔, 拉詹德拉纳斯·祖特施, 吉尼瓦·塔瓦尔, 芙蕾达·平托, 伊尔凡·可汗, 爱资哈尔丁·穆罕默德·伊斯梅尔, 阿什·马赫什·舍德卡, 马赫什·曼杰瑞卡, 麦活·米泰尔","剧情, 爱情",英国
211,211,爱乐之城,8.4,1110448,,https://movie.douban.com/subject/25934014/,达米恩·查泽雷 Damien Chazelle,2016,2026-03-12 18:07:37,"瑞恩·高斯林, 艾玛·斯通, 约翰·传奇, 罗丝玛丽·德薇特, 芬·维特洛克, 杰西卡·罗德, 水野索诺娅, 考莉·埃尔南德斯, 汤姆·艾弗瑞特·斯科特, 米根·费伊, 达蒙·冈普顿, 杰森·富克斯, 乔什·平茨, 艾米·科恩, 特里·沃尔特斯, 汤姆·谢尔顿, 辛达·亚当斯, 克劳丁·克劳迪奥, 特雷弗·里斯奥尔, 奥莉维亚·汉密尔顿, 安娜·查泽雷, 马里乌斯·代·弗里斯, 妮科尔·库隆, 迈尔斯·安德森, 约翰·辛德曼, 瓦拉里·雷·米勒, 基夫·范登·霍伊维尔, 佐伊·霍尔, 登普西·帕皮恩, 辛德拉·车","剧情, 爱情, 歌舞",美国
212,212,波西米亚狂想曲,8.6,689470,,https://movie.douban.com/subject/5300054/,布莱恩·辛格 Bryan Singer,2018,2026-03-12 18:07:37,"拉米·马雷克, 本·哈迪, 约瑟夫·梅泽罗, 格威利姆·李, 艾伦·里奇, 露西·宝通, 艾丹·吉伦, 汤姆·霍兰德尔, 麦克·梅尔斯, 阿隆·麦克卡斯克, 梅内卡·达斯, 迪基·博, 蒂姆, 杰克·罗斯, 马克斯·班内特, 基兰·哈德卡斯托, 罗斯·格林, 布鲁斯·麦金农, 米歇尔·邓肯, 马特·格林伍德, 罗茜·本杰明, 约翰·奥特曼, 詹姆斯·华莱士, 文森特·阿德里安, 拉斯科·阿特金斯, 乔纳森·奇塔姆, 迈克尔·科布, 耶稣·加洛, 亚当·兰伯特, 豪尔赫·莱昂·马丁内斯, 杰森, 伊斯雷尔·鲁兹","剧情, 传记, 同性, 音乐","英国, 美国"
213,213,城市之光,9.3,172697,,https://movie.douban.com/subject/1293908/,查理·卓别林 Charles Chaplin,1931,2026-03-12 18:07:37,"查理·卓别林, 弗吉尼亚·切瑞尔, 佛罗伦斯·李, 亨利·伯格曼, 珍·哈露","喜剧, 剧情, 爱情",美国
214,214,爆裂鼓手,8.6,690396,这个世界从不善待努力的人，努力了也不一定会成功，但是知道自己在努力，就是活下去的动力。,https://movie.douban.com/subject/25773932/,达米恩·查泽雷 Damien Chazelle,2014,2026-03-12 18:07:37,"迈尔斯·特勒, 保罗·雷瑟, 梅莉莎·班诺伊, 奥斯汀·斯托维尔, 内特·朗, 克里斯·马尔基, 达蒙·冈普顿, 苏安妮·斯波克, 马科斯·卡锡, 查理·伊恩, 杰森·布莱尔, 科菲·斯里博伊, 卡维塔帕蒂尔, 塔里克·洛维, 卡尔文, 迈克尔, 艾普尔·格雷斯, 马库斯·亨德森, 亨利, 温迪·李, 米歇尔·拉夫","剧情, 音乐",美国
215,215,东邪西毒,8.6,635093,,https://movie.douban.com/subject/1292328/,王家卫 Kar Wai Wong,1994,2026-03-12 18:07:37,"张国荣, 林青霞, 梁朝伟, 张学友, 张曼玉, 刘嘉玲, 梁家辉, 杨采妮, 邹兆龙","剧情, 动作, 爱情, 武侠, 古装","中国香港, 中国台湾"
216,216,青蛇,8.6,600808,,https://movie.douban.com/subject/1303394/,徐克 Hark Tsui,1993,2026-03-12 18:07:37,"张曼玉, 王祖贤, 赵文卓, 吴兴国, 马精武, 田丰, 刘洵","剧情, 爱情, 奇幻, 古装","中国香港, 中国大陆"
217,217,哈利·波特与死亡圣器(上),8.6,695066,最忠于原著的一部。,https://movie.douban.com/subject/2051007/,大卫·叶茨 David Yates,2010,2026-03-12 18:07:37,"丹尼尔·雷德克里夫, 艾玛·沃森, 鲁伯特·格林特, 海伦娜·伯翰·卡特, 拉尔夫·费因斯, 比尔·奈伊, 约翰·赫特, 艾伦·瑞克曼, 艾美达·斯丹顿, 费奥纳·肖, 邦妮·怀特, 朱丽·沃特斯, 米歇尔·费尔利, 杰米·坎贝尔·鲍尔","奇幻, 冒险","英国, 美国"
218,218,无耻混蛋,8.7,561598,昆汀同学越来越变态了，比北野武还杜琪峰。,https://movie.douban.com/subject/1438652/,昆汀·塔伦蒂诺 Quentin Tarantino,2009,2026-03-12 18:07:37,"布拉德·皮特, 梅拉尼·罗兰, 克里斯托弗·瓦尔兹, 伊莱·罗斯, 迈克尔·法斯宾德, 黛安·克鲁格, 丹尼尔·布鲁赫, 蒂尔·施威格, 哥德昂·布克哈德, 雅基·伊多, 奥玛·杜姆, 奥古斯特·迪赫, 德尼·梅诺谢, 西尔维斯特·格罗特, 马丁·乌特克, 麦克·梅尔斯, 朱莉·德赖弗斯, 理查德·塞梅尔, 亚历山大·费林, 罗德·泰勒, 索恩克·莫宁, 山姆·莱文, 保罗·鲁斯特, 迈克尔·巴考尔, 阿尔恩特·施韦林·索瑞, 佩特拉·哈尔腾, 沃克·麦克洛维斯基, 肯·杜肯, 克里斯蒂安·贝克尔, 安娜, 蕾雅·赛杜, 蒂娜·罗德里格斯, 路德格·皮斯特, 雅娜·帕拉斯克, 赖纳·博克, 安德烈·彭文, 塞巴斯蒂安·胡克, 希尔玛·艾奇霍恩, 伊娃·勒鲍, 威尔弗里德·霍赫霍尔丁格","剧情, 犯罪","德国, 美国"
219,219,终结者2：审判日,8.8,385484,,https://movie.douban.com/subject/1291844/,詹姆斯·卡梅隆 James Cameron,1991,2026-03-12 18:07:37,"阿诺·施瓦辛格, 琳达·汉密尔顿, 爱德华·福隆, 罗伯特·帕特里克, 厄尔·伯恩, 乔·莫顿, 埃帕莎·默克森, 卡斯图罗·格雷拉, 丹尼·库克塞, 詹妮特·戈德斯坦恩, 山德·贝克利, 莱思莉·汉密尔顿·格伦, 彼得·舒鲁姆, 唐·雷克, 吉姆·帕尔默, 格温达·迪肯, 科林·帕特里克·林奇, 妮基·考克斯, 德沃恩·尼克森, 阿卜杜勒·萨拉姆·埃尔·拉扎克, 迈克·马斯喀特, 迪恩·诺里斯, 查尔斯, 丹尼·皮尔斯, 马克·克里斯托弗·劳伦斯, 林凡, 乔尔·克莱默, 斯科特·肖, 史文, 小威廉·威谢尔","动作, 科幻","美国, 法国"
220,220,大红灯笼高高挂,8.8,371145,,https://movie.douban.com/subject/1293323/,张艺谋 Yimou Zhang,1991,2026-03-12 18:07:37,"巩俐, 马精武, 何赛飞, 曹翠芬, 周琦, 孔琳, 金淑媛, 丁惟敏, 初晓",剧情,"中国大陆, 中国香港, 中国台湾"
221,221,黑天鹅,8.6,846485,黑暗之美。,https://movie.douban.com/subject/1978709/,达伦·阿罗诺夫斯基 Darren Aronofsky,2010,2026-03-12 18:07:37,"娜塔莉·波特曼, 米拉·库尼斯, 文森特·卡塞尔, 芭芭拉·赫希, 薇诺娜·瑞德, 本杰明·米派德, 克塞尼亚·索罗, 克里斯汀娜·安娜波, 詹妮特·蒙哥马利, 塞巴斯蒂安·斯坦, 托比·海明威, 塞尔吉奥·托拉多, 马克·马戈利斯, 蒂娜·斯隆, 亚伯拉罕·阿罗诺夫斯基, 夏洛特·阿罗诺夫斯基, 玛西娅·让·库尔茨, 肖恩·奥哈根, 克里斯托弗·加廷, 黛博拉·奥夫纳, 斯坦利, 库尔特·弗勒曼, 帕特里克·赫辛格, 莎拉·海伊","剧情, 惊悚",美国
222,222,新龙门客栈,8.7,509349,,https://movie.douban.com/subject/1292287/,李惠民 Raymond Lee,1992,2026-03-12 18:07:37,"张曼玉, 林青霞, 梁家辉, 甄子丹, 熊欣欣, 刘洵, 任世官, 吴启华, 袁祥仁, 徐锦江, 郑希怡, 王彤川, 王伟顺, 蔡浩","动作, 爱情, 武侠, 古装","中国香港, 中国大陆"
223,223,初恋这件小事,8.5,1051294,黑小鸭速效美白记。,https://movie.douban.com/subject/4739952/,普特鹏·普罗萨卡·那·萨克那卡林 Puttipong Promsaka Na Sakolnakorn / 华森·波克彭,2010,2026-03-12 18:07:37,"平采娜·乐维瑟派布恩, 马里奥·毛瑞尔, 苏达拉·布查蓬, 雅尼卡·桑普蕾舞, 诺特·阿查拉那·阿瑞亚卫考, 皮拉瓦特·赫拉巴特, 普特鹏·普罗萨卡·那·萨克那卡林, 华森·波克彭","剧情, 喜剧, 爱情",泰国
224,224,人工智能,8.7,502032,,https://movie.douban.com/subject/1302827/,史蒂文·斯皮尔伯格 Steven Spielberg,2001,2026-03-12 18:07:37,"海利·乔·奥斯蒙, 弗兰西丝·奥康纳, 山姆·洛巴兹, 杰克·托马斯, 裘德·洛, 威廉·赫特, 梁振邦, 克拉克·格雷格, 凯文·苏斯曼, 汤姆·加洛普, 尤金·奥斯门特, 艾普尔·格雷斯, 马特·温斯顿, 萨布丽娜·格德维奇, 西奥·格林利","剧情, 科幻",美国
225,225,千钧一发,8.8,349984,,https://movie.douban.com/subject/1300117/,安德鲁·尼科尔 Andrew Niccol,1997,2026-03-12 18:07:37,"伊桑·霍克, 乌玛·瑟曼, 裘德·洛, 艾伦·阿金, 戈尔·维达尔, 山德·贝克利, 劳恩·迪恩, 简妮·布鲁克, 伊莱亚斯·科泰斯, 玛娅·鲁道夫, 伍娜·戴蒙, 布莱尔·安德伍德, 梅森·甘布, 威廉姆·李·斯科特, 欧内斯特·博格宁, 托尼·夏尔赫布, 肯·马里诺, 加布里埃尔·瑞丝, 迪恩·诺里斯, 丹格里芬, 格雷戈·赛斯特罗, 查德·克里斯特, 乔治·马歇尔·卢格","剧情, 科幻, 惊悚",美国
226,226,崖上的波妞,8.6,574980,,https://movie.douban.com/subject/1959877/,宫崎骏 Hayao Miyazaki,2008,2026-03-12 18:07:37,"神月柚莉爱, 土井洋辉, 山口智子, 长岛一茂, 天海祐希, 所乔治, 柊瑠美, 矢野显子, 吉行和子, 奈良冈朋子, 左时枝, 羽鸟慎一, 平冈映美, 大桥望美","动画, 奇幻, 冒险",日本
227,227,雨人,8.7,442868,,https://movie.douban.com/subject/1291870/,巴瑞·莱文森 Barry Levinson,1988,2026-03-12 18:07:37,"达斯汀·霍夫曼, 汤姆·克鲁斯, 瓦莱丽亚·戈利诺, 邦妮·亨特, 贝丝·格兰特, 杰克·霍夫曼, 克里斯·马尔基, 杰拉尔德, 卢辛达·珍妮, 拉尔夫·塞莫, 迈克尔, 罗伊斯, 路易莎·莱斯金",剧情,美国
228,228,虎口脱险,8.9,296032,,https://movie.douban.com/subject/1296909/,杰拉尔·乌里 Gérard Oury,1966,2026-03-12 18:07:37,"路易·德·菲奈斯, 布尔维尔, 克劳迪奥·布鲁克, 安德丽·帕里西, 科莱特·布罗塞, 迈克·马歇尔, 玛丽·马凯, 皮埃尔·贝尔坦, 本诺·施特岑巴赫, 玛丽·杜布瓦, 特里, 西戈德·拉普, 赖因哈德·科尔德霍夫, 赫尔穆特·施奈德, 保罗·普雷博伊斯特, 汉斯·迈尔, 居伊·格罗索, 米歇尔·莫多, 彼得·雅各布, 吕迪·勒努瓦, 诺埃尔·达扎尔, 皮埃尔·鲁塞尔, 皮埃尔·巴斯蒂安, 雅克·萨布隆, 玛格·阿夫里尔, 雅克·博杜因, 加布里埃尔·戈班, 保罗·梅塞, 亨利·热内斯","喜剧, 战争","法国, 英国"
229,229,哈利·波特与凤凰社,8.6,694839,,https://movie.douban.com/subject/1457217/,大卫·叶茨 David Yates,2007,2026-03-12 18:07:37,"丹尼尔·雷德克里夫, 艾玛·沃森, 鲁伯特·格林特, 加里·奥德曼, 拉尔夫·费因斯, 玛吉·史密斯, 迈克尔·刚本, 艾伦·瑞克曼, 艾玛·汤普森, 艾美达·斯丹顿, 詹森·艾萨克, 汤姆·费尔顿, 海伦娜·伯翰·卡特, 邦妮·怀特, 朱丽·沃特斯, 梁佩诗, 布莱丹·格里森, 罗彼·考特拉尼, 伊文娜·林奇","奇幻, 冒险","英国, 美国"
230,230,彗星来的那一夜,8.6,683587,小成本大魅力。,https://movie.douban.com/subject/25807345/,詹姆斯·沃德·布柯特 James Ward Byrkit,2013,2026-03-12 18:07:37,"艾米丽·芭尔多尼, 莫瑞·史特林, 尼古拉斯·布兰登, 劳伦·斯卡法莉娅, 伊丽莎白·格瑞斯, 雨果·阿姆斯特朗, 亚历克斯·马努吉安, 劳伦·马赫","科幻, 悬疑, 惊悚","美国, 英国"
231,231,罗生门,8.8,358043,,https://movie.douban.com/subject/1291879/,黑泽明 Akira Kurosawa,1950,2026-03-12 18:07:37,"三船敏郎, 京町子, 森雅之, 志村乔, 千秋实, 上田吉二郎, 本间文子, 加东大介","剧情, 犯罪, 悬疑",日本
232,232,海边的曼彻斯特,8.6,651950,我们都有权利不与自己的过去和解。,https://movie.douban.com/subject/25980443/,肯尼斯·罗纳根 Kenneth Lonergan,2016,2026-03-12 18:07:37,"卡西·阿弗莱克, 卢卡斯·赫奇斯, 米歇尔·威廉姆斯, 凯尔·钱德勒, 卡拉·海沃德, 格瑞辰·摩尔, 泰特·多诺万, 埃里卡·麦克德莫特, 希瑟·伯恩斯, 蜜西·雅格, 斯蒂芬·亨德森, 本·汉森, 玛丽·梅伦, 安东尼·埃斯特拉, 苏珊·波尔法, 罗伯特·塞拉, 卡罗琳·皮克曼, 约什·汉密尔顿, 肖恩·菲茨吉本, 肯尼思·洛纳根, 安娜·巴瑞辛尼科夫, 利亚姆·麦克尼尔, 马修·布罗德里克, 巴达萨罗, 威廉·博恩凯塞尔, 弗兰克·达戈斯蒂诺, 托马斯·马里亚诺","剧情, 家庭",美国
233,233,恋恋笔记本,8.5,747577,爱情没有那么多借口，如果不能圆满，只能说明爱的不够。,https://movie.douban.com/subject/1309163/,尼克·卡索维茨 Nick Cassavetes,2004,2026-03-12 18:07:37,"瑞恩·高斯林, 瑞秋·麦克亚当斯, 吉娜·罗兰兹, 詹姆斯·加纳, 斯塔尔勒塔·杜波利斯, 凯文·康诺利, 希瑟·沃奎斯特, 杰弗里·奈特, 琼·艾伦, 詹姆斯·麦斯登","剧情, 爱情",美国
234,234,真爱至上,8.5,808177,,https://movie.douban.com/subject/1292401/,理查德·柯蒂斯 Richard Curtis,2003,2026-03-12 18:07:37,"休·格兰特, 连姆·尼森, 科林·费尔斯, 劳拉·琳妮, 艾玛·汤普森, 艾伦·瑞克曼, 凯拉·奈特莉, 托马斯·布罗迪, 比尔·奈伊, 玛汀·麦古基安, 马丁·弗瑞曼, 克里斯·马歇尔, 罗德里戈·桑托罗, 罗温·艾金森, 比利·鲍伯·松顿, 安德鲁·林肯, 露西娅·莫尼斯, 海克·玛卡琪","喜剧, 剧情, 爱情","英国, 美国, 法国"
235,235,火星救援,8.5,831567,,https://movie.douban.com/subject/25864085/,雷德利·斯科特 Ridley Scott,2015,2026-03-12 18:07:37,"马特·达蒙, 杰西卡·查斯坦, 克里斯汀·韦格, 杰夫·丹尼尔斯, 迈克尔·佩纳, 凯特·玛拉, 肖恩·宾, 塞巴斯蒂安·斯坦, 唐纳德·格洛弗, 切瓦特·埃加福, 阿卡塞尔·亨涅, 陈数, 高雄, 王汉斌, 麦肯兹·戴维斯, 娜奥米·斯科特, 丽丽·博尔丹, 布莱恩·卡斯佩","剧情, 科幻, 冒险","英国, 美国, 匈牙利, 约旦"
236,236,黑客帝国2：重装上阵,8.7,455217,,https://movie.douban.com/subject/1304141/,拉娜·沃卓斯基 Lana Wachowski / 莉莉·沃卓斯基 Lilly Wachowski,2003,2026-03-12 18:07:37,"基努·里维斯, 劳伦斯·菲什伯恩, 凯瑞, 雨果·维文, 莫妮卡·贝鲁奇, 赫尔穆特·巴凯蒂斯, 斯蒂夫·巴什托尼, 克里斯汀·阿努, 丹尼尔·伯哈特, 约瑟芬·白内斯, 安迪·阿尼斯, 贾达·萍克特·史密斯, 邹兆龙, 埃茜·戴维斯, 纳许·埃哲顿, 格洛丽亚·福斯特, 大卫·富兰克林, 诺娜·加耶, 小罗伊·琼斯, 大卫·基尔德, 兰德尔·杜克·金, 克里斯托弗·卡比, 纳撒尼尔·利斯, 哈里·列尼斯, 罗伯特·马莫内, 马特·麦科姆, 罗宾·奈文, 大卫·诺, 吉娜薇·欧瑞丽, 苏格拉底·奥图, 哈罗德·佩里诺, 阿德里安·雷梅特, 尼尔·雷梅特, 鲁伯特·雷德, 大卫·罗伯茨, 凯文·斯科特, 尼坎德罗·托马斯, 吉娜·托瑞斯, 史蒂夫·维拉, 克莱顿·华生, 康奈尔·韦斯特, 雷·沃纳尔, 伯纳德·怀特, 朗贝尔·维尔森, 安东尼·布兰登·黄, 安东尼·泽比","动作, 科幻",美国
237,237,步履不停,8.8,327564,日本的家庭电影已经是世界巅峰了，步履不停是巅峰中的佳作。,https://movie.douban.com/subject/2222996/,是枝裕和 Hirokazu Koreeda,2008,2026-03-12 18:07:37,"阿部宽, 夏川结衣, 江原由希子, 高桥和也, 田中祥平, 野本萤, 林凌雅, 寺岛进, 加藤治子, 树木希林, 原田芳雄","剧情, 家庭",日本
238,238,冰雪奇缘,8.5,827803,,https://movie.douban.com/subject/4202982/,克里斯·巴克 Chris Buck / 珍妮弗·李 Jennifer Lee,2013,2026-03-12 18:07:37,"克里斯汀·贝尔, 伊迪娜·门泽尔, 乔纳森·格罗夫, 乔什·加德, 圣蒂诺·方塔纳, 艾伦·图代克, 塞伦·希德, 克里斯·威廉姆斯, 斯蒂芬·安德森, 玛雅·威尔逊, 伊迪·麦克勒格, 罗伯特·派恩, 莫里斯·拉马奇, 珍妮弗·李, 莉薇·施图本劳赫, 伊娃·贝拉, 斯宾塞·莱西·加纳斯, 泰里·布朗, 杰西·科尔蒂, 杰夫·马库斯, 塔克·吉莫尔, 保罗·布里格斯","喜剧, 动画, 奇幻, 歌舞",美国
239,239,奇迹男孩,8.6,600476,世界不完美，爱会有奇迹。,https://movie.douban.com/subject/26787574/,斯蒂芬·卓博斯基 Stephen Chbosky,2017,2026-03-12 18:07:37,"雅各布·特伦布莱, 朱莉娅·罗伯茨, 伊扎贝拉·维多维奇, 欧文·威尔逊, 诺亚·尤佩, 丹妮尔·罗丝·拉塞尔, 纳吉·杰特, 戴维德·迪格斯, 曼迪·帕廷金, 布莱斯·吉扎尔, 艾尔·麦金农, 泰·孔西利奥, 詹姆斯·休斯, 凯尔·布瑞特科夫, 米莉·戴维斯, 莉娅·朱厄特, 凯琳·布瑞特科夫, 利亚姆·迪金森, 艾玛·特伦布莱, 马克·多兹劳, 鲁奇娅·伯纳德, 道格拉斯·斯图瓦特, 阿里·利伯特, 埃丽卡·麦基特里克, 本·伊曼纽尔, 杰森·麦金农, 索尼娅·布拉加, 吉洁特","剧情, 儿童, 家庭","美国, 中国香港"
240,240,千年女优,8.8,317848,,https://movie.douban.com/subject/1307394/,今敏 Satoshi Kon,2001,2026-03-12 18:07:37,"庄司美代子, 小山茉美, 折笠富美子, 饭塚昭三, 小野坂昌也, 津田匠子, 铃置洋孝, 京田尚子, 德丸完, 片冈富枝, 石森达幸, 佐藤政道, 小形满, 麻生智久, 游佐浩二, 肥后诚, 坂口候一, 志村知幸, 木村亚希子, 佐伯志, 野岛裕史, 浅野琉璃, 大中宽子, 园部好德, 大黑优美子, 山寺宏一, 津嘉山正种","动画, 剧情, 爱情",日本
241,241,战争之王,8.7,415193,做一颗让别人需要你的棋子。,https://movie.douban.com/subject/1419936/,安德鲁·尼科尔 Andrew Niccol,2005,2026-03-12 18:07:37,"尼古拉斯·凯奇, 布里吉特·莫伊纳汉, 杰瑞德·莱托, 伊安·霍姆, 伊桑·霍克, 埃夫吉恩尼·拉扎雷夫, 伊默恩·沃克, 塔尼特·菲尼克斯","剧情, 犯罪","美国, 德国"
242,242,谍影重重2,8.7,399495,谁说王家卫镜头很晃？,https://movie.douban.com/subject/1308767/,保罗·格林格拉斯 Paul Greengrass,2004,2026-03-12 18:07:37,"马特·达蒙, 布莱恩·考克斯, 琼·艾伦, 卡尔·厄本, 弗朗卡·波滕特, 朱丽娅·斯蒂尔斯, 加布里埃尔·曼, 马尔顿·索克斯, 汤姆·加洛普, 约翰·贝德福德·劳埃德, 伊桑·桑德勒, 米歇尔·莫纳汉, 卡瑞尔·罗登, 托马斯·阿拉纳, 奥莎娜·阿金什那, 蒂姆·格里芬, 肖恩·史密斯, 马克西姆·科瓦莱夫斯基, 帕特里克·克劳利, 乔恩·科林·巴克利, 谢恩·辛努特科, 伊万·舍甫多夫, 丹尼斯·布尔加兹列夫, 尼克·怀尔德, 维克多·埃菲尔, 埃莱娜·卡多纳, 克里斯·库珀","动作, 悬疑, 惊悚","美国, 德国"
243,243,蜘蛛侠：平行宇宙,8.6,756400,,https://movie.douban.com/subject/26374197/,鲍勃·佩尔西凯蒂 Bob Persichetti / 彼得·拉姆齐 Peter Ramsey   主,2018,2026-03-12 18:07:37,"沙梅克·摩尔, 杰克·约翰逊, 海莉·斯坦菲尔德, 马赫沙拉·阿里, 布莱恩·泰里·亨利, 莉莉·汤姆林, 劳伦·维勒斯, 佐伊·克罗维兹, 约翰·木兰尼, 贵美子·格伦, 尼古拉斯·凯奇, 凯瑟琳·哈恩, 列维·施瑞博尔, 克里斯·派恩, 娜塔丽·莫瑞丝, 奥斯卡·伊萨克, 格蕾塔·李, 斯坦·李, 乔玛·塔科内, 华金·科西奥, 蕾克·贝尔, 梅勒妮·海恩斯, 尼克·杰恩, 穆尼卜·拉赫曼, 卡洛斯·萨拉戈萨, 黛西·罗斯·布莱内斯, 里夫·霍顿, 哈里森·奈特, 莱克斯·朗, 凯特琳·麦肯纳, 斯科特·门维尔, 克里斯托弗·米勒, 德维卡·帕利赫, 柯特妮·佩尔顿, 克里斯蒂·法瑞斯, 杰奎琳·皮诺尔, 贾斯汀·沉卡罗, 梅利莎·斯特姆","动作, 科幻, 动画, 冒险",美国
244,244,攻壳机动队,9.0,217732,,https://movie.douban.com/subject/1291936/,押井守 Mamoru Oshii,1995,2026-03-12 18:07:37,"田中敦子, 大塚明夫, 山寺宏一, 大木民夫, 家弓家正, 玄田哲章, 山内雅人, 小川真司","动作, 科幻, 动画",日本
245,245,血钻,8.7,421612,每个美丽事物背后都是滴血的现实。,https://movie.douban.com/subject/1428175/,爱德华·兹威克 Edward Zwick,2006,2026-03-12 18:07:37,"莱昂纳多·迪卡普里奥, 杰曼·翰苏, 詹妮弗·康纳利, 阿诺德·沃斯洛, 大卫·哈雷伍德, 吉米·米斯特雷, 麦克·辛, 史蒂芬·柯林斯","剧情, 惊悚, 冒险","美国, 德国, 英国"
246,246,小姐,8.5,574633,,https://movie.douban.com/subject/25977027/,朴赞郁 Chan-wook Park,2016,2026-03-12 18:07:37,"金敏喜, 金泰梨, 河正宇, 赵震雄, 文素利, 金海淑, 李龙女, 李东辉, 赵恩亨, 丁夏潭, 金仁宇, 金诗恩, 高木里奈","剧情, 悬疑, 情色, 同性",韩国
247,247,魂断蓝桥,8.8,310508,,https://movie.douban.com/subject/1293964/,茂文·勒鲁瓦 Mervyn LeRoy,1940,2026-03-12 18:07:37,"费雯·丽, 罗伯特·泰勒, 露塞尔·沃特森, 弗吉尼亚·菲尔德, 玛丽亚·彭斯卡娅, 奥布雷·史密斯, 丽塔·卡莱尔, 里奥, 戴维·卡文迪什, 大卫·克莱德, 汤姆·康威, 吉尔伯特·埃默里, 赫伯特·埃文斯, 迪克·戈登, 艾塞尔·格里菲斯, 哈利韦尔·霍布斯, 威尔弗雷德·卢卡斯, 埃德蒙·莫蒂默, 伦纳德米迪, 坦普·皮戈特, 约翰·鲍尔, 约翰·格雷厄姆·斯佩西, 哈里·斯塔布斯, 戴维·瑟斯比, 诺玛·威登, 帕特·威尔士, 玛莎·温特沃思, 罗伯特·温克勒, 道格拉斯·伍德","剧情, 爱情, 战争",美国
248,248,隐藏人物,8.9,271728,,https://movie.douban.com/subject/26615208/,特奥多尔·梅尔菲 Theodore Melfi,2016,2026-03-12 18:07:37,"塔拉吉, 奥克塔维亚·斯宾瑟, 加奈儿·梦奈, 凯文·科斯特纳, 克尔斯滕·邓斯特, 吉姆·帕森斯, 马赫沙拉·阿里, 阿尔迪斯·霍吉, 格伦·鲍威尔, 金贝利·奎恩, 奥莱克·克鲁帕","剧情, 传记, 历史",美国
249,249,血观音,8.6,558982,,https://movie.douban.com/subject/27113517/,杨雅喆 Ya-che Yang,2017,2026-03-12 18:07:37,"惠英红, 吴可熙, 文淇, 柯佳嬿, 陈莎莉, 丁强, 刘尚谦, 林志儒, 王月, 温贞菱, 王伟六, 陈珮骐, 尹昭德, 大久保麻梨子, 巫书维, 颜毓麟, 刘越逖, 傅子纯, 陈武康, 施名帅, 秀兰玛雅, 应朗丰, 李铨","剧情, 悬疑",中国台湾
250,250,房间,8.7,399833,被偷走的岁月，被伤害的生命，被禁锢的灵魂，终将被希望和善意救赎。,https://movie.douban.com/subject/25724855/,伦尼·阿伯拉罕森 Lenny Abrahamson,2015,2026-03-12 18:07:37,"布丽·拉尔森, 雅各布·特伦布莱, 肖恩·布里吉格斯, 温迪·古逊, 阿曼达·布鲁盖尔, 乔·平格, 琼·艾伦, 卡斯·安瓦尔, 威廉, 兰道尔·爱德华, 罗德里戈·费尔南德斯, 罗里·奥谢, 汤姆·麦卡穆斯, 杰克·富尔顿, 梅根·帕克","剧情, 家庭","爱尔兰, 加拿大, 英国, 美国"
